set	id	aa	n_tm	signal	orientation_alternates
TARGET_VirB5+1	TARGET_VirB5+1|0	74	0	1	1
TARGET_VirB5+1	TARGET_VirB5+1|1	102	0	1	1
TARGET_VirB5+1	TARGET_VirB5+1|2	95	1	0	1
TARGET_VirB5+1	TARGET_VirB5+1|3	76	1	0	1
TARGET_VirB5+1	TARGET_VirB5+1|4	64	1	0	1
TARGET_VirB5+1	TARGET_VirB5+1|5	204	3	0	1
TARGET_VirB5+1	TARGET_VirB5+1|6	57	0	1	1
TARGET_VirB5+1	TARGET_VirB5+1|7	114	0	1	1
TARGET_VirB5+1	TARGET_VirB5+1|8	83	0	0	1
TARGET_VirB5+1	TARGET_VirB5+1|9	72	0	1	1
TARGET_VirB5+1	TARGET_VirB5+1|10	68	1	0	1
TARGET_VirB5+1	TARGET_VirB5+1|11	67	0	1	1
TARGET_VirB5+1	TARGET_VirB5+1|12	82	1	0	1
TARGET_VirB5+1	TARGET_VirB5+1|13	72	0	1	1
TARGET_VirB5+1	TARGET_VirB5+1|14	67	1	1	1
TARGET_VirB5+1	TARGET_VirB5+1|15	72	0	1	1
TARGET_VirB5+1	TARGET_VirB5+1|16	62	1	0	1
TARGET_VirB5+1	TARGET_VirB5+1|17	66	1	0	1
TARGET_VirB5+1	TARGET_VirB5+1|18	56	0	1	1
TARGET_VirB5+1	TARGET_VirB5+1|19	67	1	1	1
TARGET_VirB5+1	TARGET_VirB5+1|20	57	1	0	1
TARGET_VirB5+1	TARGET_VirB5+1|21	112	0	1	1
TARGET_VirB5+1	TARGET_VirB5+1|22	193	0	1	1
TARGET_VirB5+1	TARGET_VirB5+1|23	57	0	1	1
TARGET_VirB5+1	TARGET_VirB5+1|24	117	0	1	1
TARGET_VirB5+1	TARGET_VirB5+1|25	65	0	1	1
TARGET_VirB5+1	TARGET_VirB5+1|26	194	0	0	1
TARGET_VirB5+1	TARGET_VirB5+1|27	112	0	1	1
TARGET_VirB5+1	TARGET_VirB5+1|28	71	1	0	1
TARGET_VirB5+1	TARGET_VirB5+1|29	100	0	1	1
TARGET_VirB5+1	TARGET_VirB5+1|30	71	0	1	1
TARGET_VirB5+1	TARGET_VirB5+1|31	198	0	1	1
TARGET_VirB5+1	TARGET_VirB5+1|32	65	1	0	1
TARGET_VirB5+1	TARGET_VirB5+1|33	74	0	1	1
TARGET_VirB5+1	TARGET_VirB5+1|34	71	0	1	1
TARGET_VirB5+1	TARGET_VirB5+1|35	75	0	1	1
TARGET_VirB5+1	TARGET_VirB5+1|36	76	0	1	1
TARGET_VirB5+1	TARGET_VirB5+1|37	70	1	0	1
TARGET_VirB5+1	TARGET_VirB5+1|38	60	0	1	1
TARGET_VirB5+1	TARGET_VirB5+1|39	117	0	1	1
TARGET_VirB5+1	TARGET_VirB5+1|40	64	0	1	1
TARGET_VirB5+1	TARGET_VirB5+1|41	51	0	0	1
TARGET_VirB5+1	TARGET_VirB5+1|42	80	1	0	1
TARGET_VirB5+1	TARGET_VirB5+1|43	57	0	1	1
TARGET_VirB5+1	TARGET_VirB5+1|44	162	0	1	1
TARGET_VirB5+1	TARGET_VirB5+1|45	65	1	0	1
TARGET_VirB5+1	TARGET_VirB5+1|46	80	0	1	1
TARGET_VirB5+1	TARGET_VirB5+1|47	67	0	1	1
TARGET_VirB5+1	TARGET_VirB5+1|48	111	0	1	1
TARGET_VirB5+1	TARGET_VirB5+1|49	139	0	1	1
TARGET_VirB5+1	TARGET_VirB5+1|50	117	0	1	1
TARGET_VirB5+1	TARGET_VirB5+1|51	83	0	1	1
TARGET_VirB5+1	TARGET_VirB5+1|52	62	1	0	1
TARGET_VirB5+1	TARGET_VirB5+1|53	71	0	1	1
TARGET_VirB5+1	TARGET_VirB5+1|54	177	0	1	1
TARGET_VirB5+1	TARGET_VirB5+1|55	72	0	1	1
TARGET_VirB5+1	TARGET_VirB5+1|56	71	0	1	1
TARGET_VirB5+1	TARGET_VirB5+1|57	77	0	1	1
TARGET_VirB5+1	TARGET_VirB5+1|58	167	0	1	1
TARGET_VirB5+1	TARGET_VirB5+1|59	91	1	0	1
TARGET_VirB5+1	TARGET_VirB5+1|60	145	0	0	1
TARGET_VirB5+1	TARGET_VirB5+1|61	70	0	1	1
TARGET_VirB5+1	TARGET_VirB5+1|62	141	0	1	1
TARGET_VirB5+1	TARGET_VirB5+1|63	69	0	1	1
TARGET_VirB5+1	TARGET_VirB5+1|64	154	0	1	1
TARGET_VirB5+1	TARGET_VirB5+1|65	75	0	1	1
TARGET_VirB5+1	TARGET_VirB5+1|66	139	0	1	1
TARGET_VirB5+1	TARGET_VirB5+1|67	77	0	1	1
TARGET_VirB5+1	TARGET_VirB5+1|68	75	0	1	1
TARGET_VirB5+1	TARGET_VirB5+1|69	184	0	1	1
TARGET_VirB5+1	TARGET_VirB5+1|70	103	0	1	1
TARGET_VirB5+1	TARGET_VirB5+1|71	66	0	1	1
TARGET_VirB5+1	TARGET_VirB5+1|72	61	1	0	1
TARGET_VirB5+1	TARGET_VirB5+1|73	75	0	1	1
TARGET_VirB5+1	TARGET_VirB5+1|74	69	1	0	1
TARGET_VirB5+1	TARGET_VirB5+1|75	76	0	1	1
TARGET_VirB5+1	TARGET_VirB5+1|76	65	1	0	1
TARGET_VirB5+1	TARGET_VirB5+1|77	68	1	1	1
TARGET_VirB5+1	TARGET_VirB5+1|78	107	0	1	1
TARGET_VirB5+1	TARGET_VirB5+1|79	66	1	1	1
TARGET_VirB5+1	TARGET_VirB5+1|80	77	0	1	1
TARGET_VirB5+1	TARGET_VirB5+1|81	77	0	1	1
TARGET_VirB5+1	TARGET_VirB5+1|82	191	0	1	1
TARGET_VirB5+1	TARGET_VirB5+1|83	74	0	1	1
TARGET_VirB5+1	TARGET_VirB5+1|84	71	0	1	1
TARGET_VirB5+1	TARGET_VirB5+1|85	101	1	0	1
TARGET_VirB5+1	TARGET_VirB5+1|86	67	1	0	1
TARGET_VirB5+1	TARGET_VirB5+1|87	338	0	0	1
TARGET_VirB5+1	TARGET_VirB5+1|88	121	0	1	1
TARGET_VirB5+1	TARGET_VirB5+1|89	81	1	0	1
TARGET_VirB5+1	TARGET_VirB5+1|90	77	0	1	1
TARGET_VirB5+1	TARGET_VirB5+1|91	59	0	1	1
TARGET_VirB5+1	TARGET_VirB5+1|92	95	1	0	1
TARGET_VirB5+1	TARGET_VirB5+1|93	61	1	0	1
TARGET_VirB5+1	TARGET_VirB5+1|94	60	1	0	1
TARGET_VirB5+1	TARGET_VirB5+1|95	101	0	1	1
TARGET_VirB5+1	TARGET_VirB5+1|96	83	1	0	1
TARGET_VirB5+1	TARGET_VirB5+1|97	117	0	1	1
TARGET_VirB5+1	TARGET_VirB5+1|98	81	1	0	1
TARGET_VirB5+1	TARGET_VirB5+1|99	80	0	0	1
TARGET_VirB5+1	TARGET_VirB5+1|100	69	0	1	1
TARGET_VirB5+1	TARGET_VirB5+1|101	77	0	1	1
TARGET_VirB5+1	TARGET_VirB5+1|102	117	0	1	1
TARGET_VirB5+1	TARGET_VirB5+1|103	124	1	0	1
TARGET_VirB5+1	TARGET_VirB5+1|104	141	0	1	1
TARGET_VirB5+1	TARGET_VirB5+1|105	72	0	1	1
TARGET_VirB5+1	TARGET_VirB5+1|106	95	1	0	1
TARGET_VirB5+1	TARGET_VirB5+1|107	80	0	1	1
TARGET_VirB5+1	TARGET_VirB5+1|108	77	0	1	1
TARGET_VirB5+1	TARGET_VirB5+1|109	141	0	1	1
TARGET_VirB5+1	TARGET_VirB5+1|110	67	0	1	1
TARGET_VirB5+1	TARGET_VirB5+1|111	83	0	1	1
TARGET_VirB5+1	TARGET_VirB5+1|112	111	0	1	1
TARGET_VirB5+1	TARGET_VirB5+1|113	71	0	1	1
TARGET_VirB5+1	TARGET_VirB5+1|114	59	1	0	1
TARGET_VirB5+1	TARGET_VirB5+1|115	69	0	1	1
TARGET_VirB5+1	TARGET_VirB5+1|116	118	0	1	1
TARGET_VirB5+1	TARGET_VirB5+1|117	110	0	1	1
TARGET_VirB5+1	TARGET_VirB5+1|118	85	0	1	1
TARGET_VirB5+1	TARGET_VirB5+1|119	61	1	0	1
TARGET_VirB5+1	TARGET_VirB5+1|120	76	0	1	1
TARGET_VirB5+1	TARGET_VirB5+1|121	67	1	0	1
TARGET_VirB5+1	TARGET_VirB5+1|122	66	1	0	1
TARGET_VirB5+1	TARGET_VirB5+1|123	117	0	1	1
TARGET_VirB5+1	TARGET_VirB5+1|124	74	0	1	1
TARGET_VirB5+1	TARGET_VirB5+1|125	170	0	1	1
TARGET_VirB5+1	TARGET_VirB5+1|126	67	1	1	1
TARGET_VirB5+1	TARGET_VirB5+1|127	77	0	1	1
TARGET_VirB5+1	TARGET_VirB5+1|128	105	1	0	1
TARGET_VirB5+1	TARGET_VirB5+1|129	61	1	0	1
TARGET_VirB5+1	TARGET_VirB5+1|130	75	0	1	1
TARGET_VirB5+1	TARGET_VirB5+1|131	77	0	1	1
TARGET_VirB5+1	TARGET_VirB5+1|132	117	0	1	1
TARGET_VirB5+1	TARGET_VirB5+1|133	61	1	0	1
TARGET_VirB5+1	TARGET_VirB5+1|134	106	0	1	1
TARGET_VirB5+1	TARGET_VirB5+1|135	117	0	1	1
TARGET_VirB5+1	TARGET_VirB5+1|136	140	0	1	1
TARGET_VirB5+1	TARGET_VirB5+1|137	95	1	0	1
TARGET_VirB5+1	TARGET_VirB5+1|138	54	0	1	1
TARGET_VirB5+1	TARGET_VirB5+1|139	169	0	1	1
TARGET_VirB5+1	TARGET_VirB5+1|140	77	0	1	1
TARGET_VirB5+1	TARGET_VirB5+1|141	77	0	1	1
TARGET_VirB5+1	TARGET_VirB5+1|142	69	0	1	1
TARGET_VirB5+1	TARGET_VirB5+1|143	117	0	1	1
TARGET_VirB5+1	TARGET_VirB5+1|144	120	1	0	1
TARGET_VirB5+1	TARGET_VirB5+1|145	77	0	1	1
TARGET_VirB5+1	TARGET_VirB5+1|146	75	0	1	1
TARGET_VirB5+1	TARGET_VirB5+1|147	67	1	0	1
TARGET_VirB5+1	TARGET_VirB5+1|148	117	0	1	1
TARGET_VirB5+1	TARGET_VirB5+1|149	77	0	1	1
TARGET_VirB5+1	TARGET_VirB5+1|150	117	0	1	1
TARGET_VirB5+1	TARGET_VirB5+1|151	67	1	0	1
TARGET_VirB5+1	TARGET_VirB5+1|152	98	0	1	1
TARGET_VirB5+1	TARGET_VirB5+1|153	77	0	1	1
TARGET_VirB5+1	TARGET_VirB5+1|154	81	0	1	1
TARGET_VirB5+1	TARGET_VirB5+1|155	117	0	1	1
TARGET_VirB5+1	TARGET_VirB5+1|156	82	1	0	1
TARGET_VirB5+1	TARGET_VirB5+1|157	74	0	1	1
TARGET_VirB5+1	TARGET_VirB5+1|158	119	1	0	1
TARGET_VirB5+1	TARGET_VirB5+1|159	152	0	1	1
TARGET_VirB5+1	TARGET_VirB5+1|160	169	0	1	1
TARGET_VirB5+1	TARGET_VirB5+1|161	66	0	1	1
TARGET_VirB5+1	TARGET_VirB5+1|162	66	1	0	1
TARGET_VirB5+1	TARGET_VirB5+1|163	66	0	1	1
TARGET_VirB5+1	TARGET_VirB5+1|164	183	0	0	1
TARGET_VirB5+1	TARGET_VirB5+1|165	114	0	1	1
TARGET_VirB5+1	TARGET_VirB5+1|166	62	1	0	1
TARGET_VirB5+1	TARGET_VirB5+1|167	121	0	1	1
TARGET_VirB5+1	TARGET_VirB5+1|168	153	0	1	1
TARGET_VirB5+1	TARGET_VirB5+1|169	262	0	1	1
TARGET_VirB5+1	TARGET_VirB5+1|170	90	0	1	1
TARGET_VirB5+1	TARGET_VirB5+1|171	71	1	1	1
TARGET_VirB5+1	TARGET_VirB5+1|172	77	0	1	1
TARGET_VirB5+1	TARGET_VirB5+1|173	117	0	1	1
TARGET_VirB5+1	TARGET_VirB5+1|174	63	1	0	1
TARGET_VirB5+1	TARGET_VirB5+1|175	98	0	1	1
TARGET_VirB5+1	TARGET_VirB5+1|176	228	0	0	1
TARGET_VirB5+1	TARGET_VirB5+1|177	67	1	0	1
TARGET_VirB5+1	TARGET_VirB5+1|178	149	0	0	1
TARGET_VirB5+1	TARGET_VirB5+1|179	130	0	1	1
TARGET_VirB5+1	TARGET_VirB5+1|180	66	0	1	1
TARGET_VirB5+1	TARGET_VirB5+1|181	70	0	1	1
TARGET_VirB5+1	TARGET_VirB5+1|182	66	1	0	1
TARGET_VirB5+1	TARGET_VirB5+1|183	102	0	1	1
TARGET_VirB5+1	TARGET_VirB5+1|184	62	0	1	1
TARGET_VirB5+1	TARGET_VirB5+1|185	77	0	1	1
TARGET_VirB5+1	TARGET_VirB5+1|186	300	0	0	1
TARGET_VirB5+1	TARGET_VirB5+1|187	81	1	0	1
TARGET_VirB5+1	TARGET_VirB5+1|188	153	0	1	1
TARGET_VirB5+1	TARGET_VirB5+1|189	65	0	1	1
TARGET_VirB5+1	TARGET_VirB5+1|190	78	0	1	1
TARGET_VirB5+1	TARGET_VirB5+1|191	78	0	1	1
TARGET_VirB5+1	TARGET_VirB5+1|192	104	1	0	1
TARGET_VirB5+1	TARGET_VirB5+1|193	55	0	1	1
TARGET_VirB5+1	TARGET_VirB5+1|194	97	0	1	1
TARGET_VirB5+1	TARGET_VirB5+1|195	80	1	0	1
TARGET_VirB5+1	TARGET_VirB5+1|196	67	1	1	1
TARGET_VirB5+1	TARGET_VirB5+1|197	71	0	1	1
TARGET_VirB5+1	TARGET_VirB5+1|198	63	1	0	1
TARGET_VirB5+1	TARGET_VirB5+1|199	59	0	1	1
TARGET_VirB5+1	TARGET_VirB5+1|200	67	1	1	1
TARGET_VirB5+1	TARGET_VirB5+1|201	141	0	1	1
TARGET_VirB5+1	TARGET_VirB5+1|202	114	0	1	1
TARGET_VirB5+1	TARGET_VirB5+1|203	108	0	1	1
TARGET_VirB5+1	TARGET_VirB5+1|204	81	1	0	1
TARGET_VirB5+1	TARGET_VirB5+1|205	106	0	1	1
TARGET_VirB5+1	TARGET_VirB5+1|206	67	1	0	1
TARGET_VirB5+1	TARGET_VirB5+1|207	117	0	1	1
TARGET_VirB5+1	TARGET_VirB5+1|208	76	0	1	1
TARGET_VirB5+1	TARGET_VirB5+1|209	144	0	1	1
TARGET_VirB5+1	TARGET_VirB5+1|210	78	0	1	1
TARGET_VirB5+1	TARGET_VirB5+1|211	69	0	1	1
TARGET_VirB5+1	TARGET_VirB5+1|212	114	0	1	1
TARGET_VirB5+1	TARGET_VirB5+1|213	69	0	1	1
TARGET_VirB5+1	TARGET_VirB5+1|214	85	0	1	1
TARGET_VirB5+1	TARGET_VirB5+1|215	79	0	1	1
TARGET_VirB5+1	TARGET_VirB5+1|216	68	0	1	1
TARGET_VirB5+1	TARGET_VirB5+1|217	76	0	1	1
TARGET_VirB5+1	TARGET_VirB5+1|218	61	0	1	1
TARGET_VirB5+1	TARGET_VirB5+1|219	57	0	1	1
TARGET_VirB5+1	TARGET_VirB5+1|220	75	0	1	1
TARGET_VirB5+1	TARGET_VirB5+1|221	117	0	1	1
TARGET_VirB5+1	TARGET_VirB5+1|222	75	0	1	1
TARGET_VirB5+1	TARGET_VirB5+1|223	153	0	1	1
TARGET_VirB5+1	TARGET_VirB5+1|224	72	0	1	1
TARGET_VirB5+1	TARGET_VirB5+1|225	108	0	1	1
TARGET_VirB5+1	TARGET_VirB5+1|226	166	0	1	1
TARGET_VirB5+1	TARGET_VirB5+1|227	66	0	1	1
TARGET_VirB5+1	TARGET_VirB5+1|228	60	2	0	1
TARGET_VirB5+1	TARGET_VirB5+1|229	75	0	1	1
TARGET_VirB5+1	TARGET_VirB5+1|230	526	0	0	1
TARGET_VirB5+1	TARGET_VirB5+1|231	152	0	1	1
TARGET_VirB5+1	TARGET_VirB5+1|232	70	1	0	1
TARGET_VirB5+1	TARGET_VirB5+1|233	100	0	1	1
TARGET_VirB5+1	TARGET_VirB5+1|234	75	0	1	1
TARGET_VirB5+1	TARGET_VirB5+1|235	59	0	1	1
TARGET_VirB5+1	TARGET_VirB5+1|236	74	0	1	1
TARGET_VirB5+1	TARGET_VirB5+1|237	104	0	1	1
TARGET_VirB5+1	TARGET_VirB5+1|238	105	0	1	1
TARGET_VirB5+1	TARGET_VirB5+1|239	71	0	1	1
TARGET_VirB5+1	TARGET_VirB5+1|240	151	0	1	1
TARGET_VirB5+1	TARGET_VirB5+1|241	97	0	1	1
TARGET_VirB5+1	TARGET_VirB5+1|242	81	1	0	1
TARGET_VirB5+1	TARGET_VirB5+1|243	67	0	1	1
TARGET_VirB5+1	TARGET_VirB5+1|244	77	0	1	1
TARGET_VirB5+1	TARGET_VirB5+1|245	72	0	1	1
TARGET_VirB5+1	TARGET_VirB5+1|246	66	0	1	1
TARGET_VirB5+1	TARGET_VirB5+1|247	98	0	1	1
TARGET_VirB5+1	TARGET_VirB5+1|248	59	1	0	1
TARGET_VirB5+1	TARGET_VirB5+1|249	53	0	1	1
TARGET_VirB5+1	TARGET_VirB5+1|250	163	0	1	1
TARGET_VirB5+1	TARGET_VirB5+1|251	184	0	1	1
TARGET_VirB5+1	TARGET_VirB5+1|252	144	0	1	1
TARGET_VirB5+1	TARGET_VirB5+1|253	72	0	0	1
TARGET_VirB5+1	TARGET_VirB5+1|254	112	0	1	1
TARGET_VirB5+1	TARGET_VirB5+1|255	71	0	1	1
TARGET_VirB5+1	TARGET_VirB5+1|256	101	1	0	1
TARGET_VirB5+1	TARGET_VirB5+1|257	77	0	1	1
TARGET_VirB5+1	TARGET_VirB5+1|258	77	0	1	1
TARGET_VirB5+1	TARGET_VirB5+1|259	30	0	0	1
TARGET_VirB5+1	TARGET_VirB5+1|260	57	0	1	1
TARGET_VirB5+1	TARGET_VirB5+1|261	77	0	1	1
TARGET_VirB5+1	TARGET_VirB5+1|262	66	1	0	1
TARGET_VirB5+1	TARGET_VirB5+1|263	194	0	0	1
TARGET_VirB5+1	TARGET_VirB5+1|264	114	0	1	1
TARGET_VirB5+1	TARGET_VirB5+1|265	124	1	0	1
TARGET_VirB5+1	TARGET_VirB5+1|266	77	0	1	1
TARGET_VirB5+1	TARGET_VirB5+1|267	95	1	0	1
TARGET_VirB5+1	TARGET_VirB5+1|268	112	0	1	1
TARGET_VirB5+1	TARGET_VirB5+1|269	261	0	1	1
TARGET_VirB5+1	TARGET_VirB5+1|270	80	1	0	1
TARGET_VirB5+1	TARGET_VirB5+1|271	80	0	0	1
TARGET_VirB5+1	TARGET_VirB5+1|272	88	1	0	1
TARGET_VirB5+1	TARGET_VirB5+1|273	260	0	1	1
TARGET_VirB5+1	TARGET_VirB5+1|274	130	0	1	1
TARGET_VirB5+1	TARGET_VirB5+1|275	117	0	1	1
TARGET_VirB5+1	TARGET_VirB5+1|276	135	0	0	1
TARGET_VirB5+1	TARGET_VirB5+1|277	96	1	0	1
TARGET_VirB5+1	TARGET_VirB5+1|278	106	0	1	1
TARGET_VirB5+1	TARGET_VirB5+1|279	117	0	1	1
TARGET_VirB5+1	TARGET_VirB5+1|280	400	0	0	1
TARGET_VirB5+1	TARGET_VirB5+1|281	77	0	1	1
TARGET_VirB5+1	TARGET_VirB5+1|282	70	0	1	1
TARGET_VirB5+1	TARGET_VirB5+1|283	53	0	1	1
TARGET_VirB5+1	TARGET_VirB5+1|284	153	0	1	1
TARGET_VirB5+1	TARGET_VirB5+1|285	66	1	0	1
TARGET_VirB5+1	TARGET_VirB5+1|286	151	0	0	1
TARGET_VirB5+1	TARGET_VirB5+1|287	63	1	0	1
TARGET_VirB5+1	TARGET_VirB5+1|288	408	0	0	1
TARGET_VirB5+1	TARGET_VirB5+1|289	57	0	1	1
TARGET_VirB5+1	TARGET_VirB5+1|290	75	0	1	1
TARGET_VirB5+1	TARGET_VirB5+1|291	96	3	0	1
TARGET_VirB5+1	TARGET_VirB5+1|292	141	0	1	1
TARGET_VirB5+1	TARGET_VirB5+1|293	68	1	0	1
TARGET_VirB5+1	TARGET_VirB5+1|294	115	0	1	1
TARGET_VirB5+1	TARGET_VirB5+1|295	66	1	0	1
TARGET_VirB5+1	TARGET_VirB5+1|296	96	0	1	1
TARGET_VirB5+1	TARGET_VirB5+1|297	114	0	1	1
TARGET_VirB5+1	TARGET_VirB5+1|298	77	0	1	1
TARGET_VirB5+1	TARGET_VirB5+1|299	103	0	1	1
TARGET_VirB5+1	TARGET_VirB5+1|300	63	0	1	1
TARGET_VirB5+1	TARGET_VirB5+1|301	74	0	1	1
TARGET_VirB5+1	TARGET_VirB5+1|302	70	0	1	1
TARGET_VirB5+1	TARGET_VirB5+1|303	74	0	1	1
TARGET_VirB5+1	TARGET_VirB5+1|304	114	0	1	1
TARGET_VirB5+1	TARGET_VirB5+1|305	78	0	1	1
TARGET_VirB5+1	TARGET_VirB5+1|306	66	0	1	1
TARGET_VirB5+1	TARGET_VirB5+1|307	100	0	1	1
TARGET_VirB5+1	TARGET_VirB5+1|308	76	0	1	1
TARGET_VirB5+1	TARGET_VirB5+1|309	110	0	1	1
TARGET_VirB5+1	TARGET_VirB5+1|310	69	0	1	1
TARGET_VirB5+1	TARGET_VirB5+1|311	145	0	1	1
TARGET_VirB5+1	TARGET_VirB5+1|312	147	0	1	1
TARGET_VirB5+1	TARGET_VirB5+1|313	77	0	1	1
TARGET_VirB5+1	TARGET_VirB5+1|314	117	0	1	1
TARGET_VirB5+1	TARGET_VirB5+1|315	57	0	1	1
TARGET_VirB5+1	TARGET_VirB5+1|316	105	0	1	1
TARGET_VirB5+1	TARGET_VirB5+1|317	77	0	1	1
TARGET_VirB5+1	TARGET_VirB5+1|318	80	0	1	1
TARGET_VirB5+1	TARGET_VirB5+1|319	115	0	1	1
TARGET_VirB5+1	TARGET_VirB5+1|320	121	0	1	1
TARGET_VirB5+1	TARGET_VirB5+1|321	143	0	1	1
TARGET_VirB5+1	TARGET_VirB5+1|322	69	1	0	1
TARGET_VirB5+1	TARGET_VirB5+1|323	160	0	1	1
TARGET_VirB5+1	TARGET_VirB5+1|324	95	1	0	1
TARGET_VirB5+1	TARGET_VirB5+1|325	95	1	0	1
TARGET_VirB5+1	TARGET_VirB5+1|326	70	1	0	1
TARGET_VirB5+1	TARGET_VirB5+1|327	141	0	1	1
TARGET_VirB5+1	TARGET_VirB5+1|328	143	0	1	1
TARGET_VirB5+1	TARGET_VirB5+1|329	67	0	1	1
TARGET_VirB5+1	TARGET_VirB5+1|330	77	0	1	1
TARGET_VirB5+1	TARGET_VirB5+1|331	206	0	1	1
TARGET_VirB5+1	TARGET_VirB5+1|332	65	0	1	1
TARGET_VirB5+1	TARGET_VirB5+1|333	105	0	1	1
TARGET_VirB5+1	TARGET_VirB5+1|334	139	0	1	1
TARGET_VirB5+1	TARGET_VirB5+1|335	57	0	1	1
TARGET_VirB5+1	TARGET_VirB5+1|336	57	0	1	1
TARGET_VirB5+1	TARGET_VirB5+1|337	78	0	1	1
TARGET_VirB5+1	TARGET_VirB5+1|338	69	1	0	1
TARGET_VirB5+1	TARGET_VirB5+1|339	63	1	0	1
TARGET_VirB5+1	TARGET_VirB5+1|340	77	0	1	1
TARGET_VirB5+1	TARGET_VirB5+1|341	72	0	1	1
TARGET_VirB5+1	TARGET_VirB5+1|342	68	0	1	1
TARGET_VirB5+1	TARGET_VirB5+1|343	66	1	0	1
TARGET_VirB5+1	TARGET_VirB5+1|344	70	1	0	1
TARGET_VirB5+1	TARGET_VirB5+1|345	73	0	1	1
TARGET_VirB5+1	TARGET_VirB5+1|346	168	0	1	1
TARGET_VirB5+1	TARGET_VirB5+1|347	91	0	1	1
TARGET_VirB5+1	TARGET_VirB5+1|348	61	1	0	1
TARGET_VirB5+1	TARGET_VirB5+1|349	66	1	0	1
TARGET_VirB5+1	TARGET_VirB5+1|350	117	0	1	1
TARGET_VirB5+1	TARGET_VirB5+1|351	105	0	1	1
TARGET_VirB5+1	TARGET_VirB5+1|352	114	0	1	1
TARGET_VirB5+1	TARGET_VirB5+1|353	114	0	1	1
TARGET_VirB5+1	TARGET_VirB5+1|354	66	1	0	1
TARGET_VirB5+1	TARGET_VirB5+1|355	121	0	1	1
TARGET_VirB5+1	TARGET_VirB5+1|356	46	0	0	1
TARGET_VirB5+1	TARGET_VirB5+1|357	75	0	1	1
TARGET_VirB5+1	TARGET_VirB5+1|358	95	1	0	1
TARGET_VirB5+1	TARGET_VirB5+1|359	65	0	1	1
TARGET_VirB5+1	TARGET_VirB5+1|360	117	0	1	1
TARGET_VirB5+1	TARGET_VirB5+1|361	74	0	1	1
TARGET_VirB5+1	TARGET_VirB5+1|362	117	0	1	1
TARGET_VirB5+1	TARGET_VirB5+1|363	69	1	0	1
TARGET_VirB5+1	TARGET_VirB5+1|364	62	0	1	1
TARGET_VirB5+1	TARGET_VirB5+1|365	77	0	1	1
TARGET_VirB5+1	TARGET_VirB5+1|366	41	0	1	1
TARGET_VirB5+1	TARGET_VirB5+1|367	77	0	1	1
TARGET_VirB5+1	TARGET_VirB5+1|368	101	0	1	1
TARGET_VirB5+1	TARGET_VirB5+1|369	67	1	0	1
TARGET_VirB5+1	TARGET_VirB5+1|370	98	0	1	1
TARGET_VirB5+1	TARGET_VirB5+1|371	66	1	0	1
TARGET_VirB5+1	TARGET_VirB5+1|372	66	1	0	1
TARGET_VirB5+1	TARGET_VirB5+1|373	95	1	0	1
TARGET_VirB5+1	TARGET_VirB5+1|374	119	0	1	1
TARGET_VirB5+1	TARGET_VirB5+1|375	88	0	1	1
TARGET_VirB5+1	TARGET_VirB5+1|376	144	0	1	1
TARGET_VirB5+1	TARGET_VirB5+1|377	95	1	0	1
TARGET_VirB5+1	TARGET_VirB5+1|378	67	1	0	1
TARGET_VirB5+1	TARGET_VirB5+1|379	66	0	1	1
TARGET_VirB5+1	TARGET_VirB5+1|380	114	0	1	1
TARGET_VirB5+1	TARGET_VirB5+1|381	261	0	1	1
TARGET_VirB5+1	TARGET_VirB5+1|382	59	0	1	1
TARGET_VirB5+1	TARGET_VirB5+1|383	117	0	1	1
TARGET_VirB5+1	TARGET_VirB5+1|384	144	0	1	1
TARGET_VirB5+1	TARGET_VirB5+1|385	57	0	1	1
TARGET_VirB5+1	TARGET_VirB5+1|386	109	0	1	1
TARGET_VirB5+1	TARGET_VirB5+1|387	78	0	1	1
TARGET_VirB5+1	TARGET_VirB5+1|388	66	1	0	1
TARGET_VirB5+1	TARGET_VirB5+1|389	63	1	0	1
TARGET_VirB5+1	TARGET_VirB5+1|390	75	0	1	1
TARGET_VirB5+1	TARGET_VirB5+1|391	77	0	0	1
TARGET_VirB5+1	TARGET_VirB5+1|392	82	0	1	1
TARGET_VirB5+1	TARGET_VirB5+1|393	112	0	1	1
TARGET_VirB5+1	TARGET_VirB5+1|394	145	0	1	1
TARGET_VirB5+1	TARGET_VirB5+1|395	57	0	1	1
TARGET_VirB5+1	TARGET_VirB5+1|396	97	0	1	1
TARGET_VirB5+1	TARGET_VirB5+1|397	102	1	0	1
TARGET_VirB5+1	TARGET_VirB5+1|398	77	0	1	1
TARGET_VirB5+1	TARGET_VirB5+1|399	141	0	1	1
TARGET_VirB5+1	TARGET_VirB5+1|400	57	0	1	1
TARGET_VirB5+1	TARGET_VirB5+1|401	70	0	1	1
TARGET_VirB5+1	TARGET_VirB5+1|402	66	1	0	1
TARGET_VirB5+1	TARGET_VirB5+1|403	100	1	0	1
TARGET_VirB5+1	TARGET_VirB5+1|404	106	0	1	1
TARGET_VirB5+1	TARGET_VirB5+1|405	78	0	1	1
TARGET_VirB5+1	TARGET_VirB5+1|406	105	1	0	1
TARGET_VirB5+1	TARGET_VirB5+1|407	75	0	1	1
TARGET_VirB5+1	TARGET_VirB5+1|408	110	0	1	1
TARGET_VirB5+1	TARGET_VirB5+1|409	84	0	1	1
TARGET_VirB5+1	TARGET_VirB5+1|410	72	1	1	1
TARGET_VirB5+1	TARGET_VirB5+1|411	75	0	1	1
TARGET_VirB5+1	TARGET_VirB5+1|412	175	1	0	1
TARGET_VirB5+1	TARGET_VirB5+1|413	83	0	0	1
TARGET_VirB5+1	TARGET_VirB5+1|414	77	0	1	1
TARGET_VirB5+1	TARGET_VirB5+1|415	75	0	1	1
TARGET_VirB5+1	TARGET_VirB5+1|416	123	0	1	1
TARGET_VirB5+1	TARGET_VirB5+1|417	76	0	1	1
TARGET_VirB5+1	TARGET_VirB5+1|418	83	0	0	1
TARGET_VirB5+1	TARGET_VirB5+1|419	69	0	1	1
TARGET_VirB5+1	TARGET_VirB5+1|420	65	1	1	1
TARGET_VirB5+1	TARGET_VirB5+1|421	261	0	0	1
TARGET_VirB5+1	TARGET_VirB5+1|422	167	0	1	1
TARGET_VirB5+1	TARGET_VirB5+1|423	77	0	1	1
TARGET_VirB5+1	TARGET_VirB5+1|424	97	0	1	1
TARGET_VirB5+1	TARGET_VirB5+1|425	75	0	1	1
TARGET_VirB5+1	TARGET_VirB5+1|426	81	1	0	1
TARGET_VirB5+1	TARGET_VirB5+1|427	83	0	1	1
TARGET_VirB5+1	TARGET_VirB5+1|428	108	0	1	1
TARGET_VirB5+1	TARGET_VirB5+1|429	67	0	1	1
TARGET_VirB5+1	TARGET_VirB5+1|430	72	0	1	1
TARGET_VirB5+1	TARGET_VirB5+1|431	95	0	1	1
TARGET_VirB5+1	TARGET_VirB5+1|432	62	0	1	1
TARGET_VirB5+1	TARGET_VirB5+1|433	77	0	1	1
TARGET_VirB5+1	TARGET_VirB5+1|434	77	0	1	1
TARGET_VirB5+1	TARGET_VirB5+1|435	124	1	0	1
TARGET_VirB5+1	TARGET_VirB5+1|436	77	0	1	1
TARGET_VirB5+1	TARGET_VirB5+1|437	108	0	1	1
TARGET_VirB5+1	TARGET_VirB5+1|438	105	1	0	1
TARGET_VirB5+1	TARGET_VirB5+1|439	82	1	0	1
TARGET_VirB5+1	TARGET_VirB5+1|440	63	1	0	1
TARGET_VirB5+1	TARGET_VirB5+1|441	117	0	1	1
TARGET_VirB5+1	TARGET_VirB5+1|442	114	0	1	1
TARGET_VirB5+1	TARGET_VirB5+1|443	79	0	1	1
TARGET_VirB5+1	TARGET_VirB5+1|444	68	0	1	1
TARGET_VirB5+1	TARGET_VirB5+1|445	60	0	1	1
TARGET_VirB5+1	TARGET_VirB5+1|446	142	0	1	1
TARGET_VirB5+1	TARGET_VirB5+1|447	89	0	1	1
TARGET_VirB5+1	TARGET_VirB5+1|448	67	1	1	1
TARGET_VirB5+1	TARGET_VirB5+1|449	111	1	0	1
TARGET_VirB5+1	TARGET_VirB5+1|450	70	0	0	1
TARGET_VirB5+1	TARGET_VirB5+1|451	70	0	1	1
TARGET_VirB5+1	TARGET_VirB5+1|452	78	0	1	1
TARGET_VirB5+1	TARGET_VirB5+1|453	42	0	1	1
TARGET_VirB5+1	TARGET_VirB5+1|454	127	0	0	1
TARGET_VirB5+1	TARGET_VirB5+1|455	61	0	0	1
TARGET_VirB5+1	TARGET_VirB5+1|456	95	1	0	1
TARGET_VirB5+1	TARGET_VirB5+1|457	117	0	1	1
TARGET_VirB5+1	TARGET_VirB5+1|458	42	0	1	1
TARGET_VirB5+1	TARGET_VirB5+1|459	77	0	1	1
TARGET_VirB5+1	TARGET_VirB5+1|460	140	0	1	1
TARGET_VirB5+1	TARGET_VirB5+1|461	72	0	1	1
TARGET_VirB5+1	TARGET_VirB5+1|462	71	0	1	1
TARGET_VirB5+1	TARGET_VirB5+1|463	84	0	1	1
TARGET_VirB5+1	TARGET_VirB5+1|464	107	0	1	1
TARGET_VirB5+1	TARGET_VirB5+1|465	239	4	0	1
TARGET_VirB5+1	TARGET_VirB5+1|466	72	0	1	1
TARGET_VirB5+1	TARGET_VirB5+1|467	57	1	0	1
TARGET_VirB5+1	TARGET_VirB5+1|468	57	0	1	1
TARGET_VirB5+1	TARGET_VirB5+1|469	66	1	0	1
TARGET_VirB5+1	TARGET_VirB5+1|470	141	0	1	1
TARGET_VirB5+1	TARGET_VirB5+1|471	143	0	1	1
TARGET_VirB5+1	TARGET_VirB5+1|472	107	1	0	1
TARGET_VirB5+1	TARGET_VirB5+1|473	67	0	1	1
TARGET_VirB5+1	TARGET_VirB5+1|474	108	0	1	1
TARGET_VirB5+1	TARGET_VirB5+1|475	107	0	1	1
TARGET_VirB5+1	TARGET_VirB5+1|476	90	0	1	1
TARGET_VirB5+1	TARGET_VirB5+1|477	117	0	1	1
TARGET_VirB5+1	TARGET_VirB5+1|478	162	0	1	1
TARGET_VirB5+1	TARGET_VirB5+1|479	42	0	1	1
TARGET_VirB5+1	TARGET_VirB5+1|480	80	1	0	1
TARGET_VirB5+1	TARGET_VirB5+1|481	68	1	0	1
TARGET_VirB5+1	TARGET_VirB5+1|482	76	0	1	1
TARGET_VirB5+1	TARGET_VirB5+1|483	148	0	1	1
TARGET_VirB5+1	TARGET_VirB5+1|484	72	0	1	1
TARGET_VirB5+1	TARGET_VirB5+1|485	75	0	1	1
TARGET_VirB5+1	TARGET_VirB5+1|486	166	0	1	1
TARGET_VirB5+1	TARGET_VirB5+1|487	146	0	1	1
TARGET_VirB5+1	TARGET_VirB5+1|488	67	1	1	1
TARGET_VirB5+1	TARGET_VirB5+1|489	66	1	1	1
TARGET_VirB5+1	TARGET_VirB5+1|490	104	0	1	1
TARGET_VirB5+1	TARGET_VirB5+1|491	67	1	0	1
TARGET_VirB5+1	TARGET_VirB5+1|492	117	0	1	1
TARGET_VirB5+1	TARGET_VirB5+1|493	67	1	0	1
TARGET_VirB5+1	TARGET_VirB5+1|494	70	0	1	1
TARGET_VirB5+1	TARGET_VirB5+1|495	74	0	1	1
TARGET_VirB5+1	TARGET_VirB5+1|496	64	1	0	1
TARGET_VirB5+1	TARGET_VirB5+1|497	66	0	1	1
TARGET_VirB5+1	TARGET_VirB5+1|498	108	0	1	1
TARGET_VirB5+1	TARGET_VirB5+1|499	70	0	1	1
TARGET_VirB5+1	TARGET_VirB5+1|500	139	0	1	1
TARGET_VirB5+1	TARGET_VirB5+1|501	117	0	1	1
TARGET_VirB5+1	TARGET_VirB5+1|502	205	0	1	1
TARGET_VirB5+1	TARGET_VirB5+1|503	78	0	1	1
TARGET_VirB5+1	TARGET_VirB5+1|504	68	1	1	1
TARGET_VirB5+1	TARGET_VirB5+1|505	162	0	1	1
TARGET_VirB5+1	TARGET_VirB5+1|506	71	0	1	1
TARGET_VirB5+1	TARGET_VirB5+1|507	71	0	1	1
TARGET_VirB5+1	TARGET_VirB5+1|508	76	0	1	1
TARGET_VirB5+1	TARGET_VirB5+1|509	65	0	0	1
TARGET_VirB5+1	TARGET_VirB5+1|510	114	0	1	1
TARGET_VirB5+1	TARGET_VirB5+1|511	77	0	1	1
TARGET_VirB5+1	TARGET_VirB5+1|512	66	1	0	1
TARGET_VirB5+1	TARGET_VirB5+1|513	77	0	1	1
TARGET_VirB5+1	TARGET_VirB5+1|514	61	1	0	1
TARGET_VirB5+1	TARGET_VirB5+1|515	127	0	1	1
TARGET_VirB5+1	TARGET_VirB5+1|516	63	1	0	1
TARGET_VirB5+1	TARGET_VirB5+1|517	64	1	0	1
TARGET_VirB5+1	TARGET_VirB5+1|518	66	0	1	1
TARGET_VirB5+1	TARGET_VirB5+1|519	77	0	1	1
TARGET_VirB5+1	TARGET_VirB5+1|520	60	1	0	1
TARGET_VirB5+1	TARGET_VirB5+1|521	168	0	1	1
TARGET_VirB5+1	TARGET_VirB5+1|522	65	0	1	1
TARGET_VirB5+1	TARGET_VirB5+1|523	61	1	0	1
TARGET_VirB5+1	TARGET_VirB5+1|524	115	0	1	1
TARGET_VirB5+1	TARGET_VirB5+1|525	117	0	1	1
TARGET_VirB5+1	TARGET_VirB5+1|526	71	0	1	1
TARGET_VirB5+1	TARGET_VirB5+1|527	59	0	1	1
TARGET_VirB5+1	TARGET_VirB5+1|528	66	1	0	1
TARGET_VirB5+1	TARGET_VirB5+1|529	77	0	1	1
TARGET_VirB5+1	TARGET_VirB5+1|530	70	1	0	1
TARGET_VirB5+1	TARGET_VirB5+1|531	69	1	0	1
TARGET_VirB5+1	TARGET_VirB5+1|532	162	0	1	1
TARGET_VirB5+1	TARGET_VirB5+1|533	75	0	1	1
TARGET_VirB5+1	TARGET_VirB5+1|534	301	0	0	1
TARGET_VirB5+1	TARGET_VirB5+1|535	66	1	0	1
TARGET_VirB5+1	TARGET_VirB5+1|536	343	0	0	1
TARGET_VirB5+1	TARGET_VirB5+1|537	83	0	0	1
TARGET_VirB5+1	TARGET_VirB5+1|538	63	0	1	1
TARGET_VirB5+1	TARGET_VirB5+1|539	123	1	0	1
TARGET_VirB5+1	TARGET_VirB5+1|540	65	0	1	1
TARGET_VirB5+1	TARGET_VirB5+1|541	90	0	1	1
TARGET_VirB5+1	TARGET_VirB5+1|542	66	1	0	1
TARGET_VirB5+1	TARGET_VirB5+1|543	70	1	0	1
TARGET_VirB5+1	TARGET_VirB5+1|544	141	0	1	1
TARGET_VirB5+1	TARGET_VirB5+1|545	127	0	1	1
TARGET_VirB5+1	TARGET_VirB5+1|546	71	0	1	1
TARGET_VirB5+1	TARGET_VirB5+1|547	74	0	1	1
TARGET_VirB5+1	TARGET_VirB5+1|548	62	1	0	1
TARGET_VirB5+1	TARGET_VirB5+1|549	117	0	1	1
TARGET_VirB5+1	TARGET_VirB5+1|550	141	0	1	1
TARGET_VirB5+1	TARGET_VirB5+1|551	102	1	0	1
TARGET_VirB5+1	TARGET_VirB5+1|552	67	1	0	1
TARGET_VirB5+1	TARGET_VirB5+1|553	42	0	1	1
TARGET_VirB5+1	TARGET_VirB5+1|554	143	0	1	1
TARGET_VirB5+1	TARGET_VirB5+1|555	77	0	1	1
TARGET_VirB5+1	TARGET_VirB5+1|556	99	0	1	1
TARGET_VirB5+1	TARGET_VirB5+1|557	77	0	1	1
TARGET_VirB5+1	TARGET_VirB5+1|558	88	0	1	1
TARGET_VirB5+1	TARGET_VirB5+1|559	59	0	1	1
TARGET_VirB5+1	TARGET_VirB5+1|560	66	0	1	1
TARGET_VirB5+1	TARGET_VirB5+1|561	97	0	1	1
TARGET_VirB5+1	TARGET_VirB5+1|562	98	0	1	1
TARGET_VirB5+1	TARGET_VirB5+1|563	64	1	0	1
TARGET_VirB5+1	TARGET_VirB5+1|564	141	0	1	1
TARGET_VirB5+1	TARGET_VirB5+1|565	76	0	1	1
TARGET_VirB5+1	TARGET_VirB5+1|566	45	0	1	1
TARGET_VirB5+1	TARGET_VirB5+1|567	80	0	0	1
TARGET_VirB5+1	TARGET_VirB5+1|568	70	0	1	1
TARGET_VirB5+1	TARGET_VirB5+1|569	68	0	1	1
TARGET_VirB5+1	TARGET_VirB5+1|570	84	0	1	1
TARGET_VirB5+1	TARGET_VirB5+1|571	67	1	0	1
TARGET_VirB5+1	TARGET_VirB5+1|572	115	0	1	1
TARGET_VirB5+1	TARGET_VirB5+1|573	112	0	1	1
TARGET_VirB5+1	TARGET_VirB5+1|574	184	0	0	1
TARGET_VirB5+1	TARGET_VirB5+1|575	160	0	1	1
TARGET_VirB5+1	TARGET_VirB5+1|576	108	0	1	1
TARGET_VirB5+1	TARGET_VirB5+1|577	70	0	1	1
TARGET_VirB5+1	TARGET_VirB5+1|578	260	0	1	1
TARGET_VirB5+1	TARGET_VirB5+1|579	57	1	1	1
TARGET_VirB5+1	TARGET_VirB5+1|580	89	0	1	1
TARGET_VirB5+1	TARGET_VirB5+1|581	106	0	1	1
TARGET_VirB5+1	TARGET_VirB5+1|582	151	0	1	1
TARGET_VirB5+1	TARGET_VirB5+1|583	69	0	1	1
TARGET_VirB5+1	TARGET_VirB5+1|584	128	0	1	1
TARGET_VirB5+1	TARGET_VirB5+1|585	77	0	1	1
TARGET_VirB5+1	TARGET_VirB5+1|586	83	1	0	1
TARGET_VirB5+1	TARGET_VirB5+1|587	53	0	1	1
TARGET_VirB5+1	TARGET_VirB5+1|588	78	0	1	1
TARGET_VirB5+1	TARGET_VirB5+1|589	68	1	1	1
TARGET_VirB5+1	TARGET_VirB5+1|590	106	0	1	1
TARGET_VirB5+1	TARGET_VirB5+1|591	154	0	1	1
TARGET_VirB5+1	TARGET_VirB5+1|592	56	1	0	1
TARGET_VirB5+1	TARGET_VirB5+1|593	77	0	1	1
TARGET_VirB5+1	TARGET_VirB5+1|594	89	0	1	1
TARGET_VirB5+1	TARGET_VirB5+1|595	71	0	1	1
TARGET_VirB5+1	TARGET_VirB5+1|596	77	0	1	1
TARGET_VirB5+1	TARGET_VirB5+1|597	70	1	0	1
TARGET_VirB5+1	TARGET_VirB5+1|598	65	1	0	1
TARGET_VirB5+1	TARGET_VirB5+1|599	61	0	1	1
NEG_VirB8+1	NEG_VirB8+1|0	125	0	0	1
NEG_VirB8+1	NEG_VirB8+1|1	275	0	0	1
NEG_VirB8+1	NEG_VirB8+1|2	39	0	0	1
NEG_VirB8+1	NEG_VirB8+1|3	133	2	0	1
NEG_VirB8+1	NEG_VirB8+1|4	133	2	0	1
NEG_VirB8+1	NEG_VirB8+1|5	220	0	0	1
NEG_VirB8+1	NEG_VirB8+1|6	59	0	0	1
NEG_VirB8+1	NEG_VirB8+1|7	234	0	0	1
NEG_VirB8+1	NEG_VirB8+1|8	295	0	0	1
NEG_VirB8+1	NEG_VirB8+1|9	1001	0	0	1
NEG_VirB8+1	NEG_VirB8+1|10	52	0	0	1
NEG_VirB8+1	NEG_VirB8+1|11	52	0	0	1
NEG_VirB8+1	NEG_VirB8+1|12	182	0	0	1
NEG_VirB8+1	NEG_VirB8+1|13	266	0	0	1
NEG_VirB8+1	NEG_VirB8+1|14	61	0	0	1
NEG_VirB8+1	NEG_VirB8+1|15	326	0	0	1
NEG_VirB8+1	NEG_VirB8+1|16	108	0	0	1
NEG_VirB8+1	NEG_VirB8+1|17	250	0	0	1
NEG_VirB8+1	NEG_VirB8+1|18	234	0	0	1
NEG_VirB8+1	NEG_VirB8+1|19	340	0	0	1
NEG_VirB9+1	NEG_VirB9+1|0	152	0	0	1
NEG_VirB9+1	NEG_VirB9+1|1	121	0	0	1
NEG_VirB9+1	NEG_VirB9+1|2	144	0	1	1
NEG_VirB9+1	NEG_VirB9+1|3	94	0	0	1
NEG_VirB9+1	NEG_VirB9+1|4	103	0	0	1
NEG_VirB9+1	NEG_VirB9+1|5	152	0	1	1
NEG_VirB9+1	NEG_VirB9+1|6	152	0	1	1
NEG_VirB9+1	NEG_VirB9+1|7	152	0	1	1
NEG_VirB9+1	NEG_VirB9+1|8	152	0	1	1
NEG_VirB9+1	NEG_VirB9+1|9	152	0	1	1
NEG_VirB9+1	NEG_VirB9+1|10	152	0	1	1
NEG_VirB9+1	NEG_VirB9+1|11	152	0	1	1
NEG_VirB9+1	NEG_VirB9+1|12	152	0	1	1
NEG_VirB9+1	NEG_VirB9+1|13	152	0	1	1
NEG_VirB9+1	NEG_VirB9+1|14	152	0	1	1
NEG_VirB9+1	NEG_VirB9+1|15	154	0	1	1
NEG_VirB9+1	NEG_VirB9+1|16	154	0	1	1
NEG_VirB9+1	NEG_VirB9+1|17	102	0	0	1
NEG_VirB9+1	NEG_VirB9+1|18	102	0	0	1
NEG_VirB9+1	NEG_VirB9+1|19	158	0	1	1
NEG_VirB9+1	NEG_VirB9+1|20	315	0	0	1
NEG_VirB9+1	NEG_VirB9+1|21	308	0	0	1
NEG_VirB9+1	NEG_VirB9+1|22	158	0	1	1
NEG_VirB9+1	NEG_VirB9+1|23	158	0	1	1
NEG_VirB9+1	NEG_VirB9+1|24	158	0	1	1
NEG_VirB9+1	NEG_VirB9+1|25	107	0	1	1
NEG_VirB9+1	NEG_VirB9+1|26	158	0	1	1
NEG_VirB9+1	NEG_VirB9+1|27	334	0	0	1
NEG_VirB9+1	NEG_VirB9+1|28	143	0	1	1
NEG_VirB9+1	NEG_VirB9+1|29	148	0	1	1
NEG_VirB9+1	NEG_VirB9+1|30	155	0	1	1
NEG_VirB9+1	NEG_VirB9+1|31	146	0	1	1
NEG_VirB9+1	NEG_VirB9+1|32	145	0	1	1
NEG_VirB9+1	NEG_VirB9+1|33	150	0	1	1
NEG_VirB9+1	NEG_VirB9+1|34	149	0	1	1
NEG_VirB9+1	NEG_VirB9+1|35	150	0	1	1
NEG_VirB9+1	NEG_VirB9+1|36	158	0	1	1
NEG_VirB9+1	NEG_VirB9+1|37	158	0	1	1
NEG_VirB9+1	NEG_VirB9+1|38	153	0	1	1
NEG_VirB9+1	NEG_VirB9+1|39	155	0	1	1
NEG_VirB9+1	NEG_VirB9+1|40	155	0	1	1
NEG_VirB9+1	NEG_VirB9+1|41	144	0	1	1
NEG_VirB9+1	NEG_VirB9+1|42	144	0	1	1
NEG_VirB9+1	NEG_VirB9+1|43	144	0	1	1
NEG_VirB9+1	NEG_VirB9+1|44	145	0	1	1
NEG_VirB9+1	NEG_VirB9+1|45	145	0	1	1
NEG_VirB9+1	NEG_VirB9+1|46	146	0	1	1
NEG_VirB9+1	NEG_VirB9+1|47	162	0	1	1
NEG_VirB9+1	NEG_VirB9+1|48	235	4	0	1
NEG_VirB9+1	NEG_VirB9+1|49	235	4	0	1
NEG_VirB9+1	NEG_VirB9+1|50	235	4	0	1
NEG_VirB9+1	NEG_VirB9+1|51	158	0	1	1
NEG_VirB9+1	NEG_VirB9+1|52	145	0	1	1
NEG_VirB9+1	NEG_VirB9+1|53	146	0	1	1
NEG_VirB9+1	NEG_VirB9+1|54	154	0	1	1
NEG_VirB9+1	NEG_VirB9+1|55	144	0	1	1
NEG_VirB9+1	NEG_VirB9+1|56	150	0	1	1
NEG_VirB9+1	NEG_VirB9+1|57	150	0	1	1
NEG_VirB9+1	NEG_VirB9+1|58	150	0	1	1
NEG_VirB9+1	NEG_VirB9+1|59	127	0	1	1
NEG_VirB9+1	NEG_VirB9+1|60	114	0	1	1
NEG_VirB9+1	NEG_VirB9+1|61	150	0	1	1
NEG_VirB9+1	NEG_VirB9+1|62	150	0	1	1
NEG_VirB9+1	NEG_VirB9+1|63	150	0	1	1
NEG_VirB9+1	NEG_VirB9+1|64	150	0	1	1
NEG_VirB9+1	NEG_VirB9+1|65	147	0	1	1
NEG_VirB9+1	NEG_VirB9+1|66	147	0	1	1
NEG_VirB9+1	NEG_VirB9+1|67	180	0	1	1
NEG_VirB9+1	NEG_VirB9+1|68	148	0	1	1
NEG_VirB9+1	NEG_VirB9+1|69	148	0	1	1
NEG_VirB9+1	NEG_VirB9+1|70	158	0	1	1
NEG_VirB9+1	NEG_VirB9+1|71	158	0	1	1
NEG_VirB9+1	NEG_VirB9+1|72	158	0	1	1
NEG_VirB9+1	NEG_VirB9+1|73	158	0	1	1
NEG_VirB9+1	NEG_VirB9+1|74	155	0	1	1
NEG_VirB9+1	NEG_VirB9+1|75	155	0	1	1
NEG_VirB9+1	NEG_VirB9+1|76	154	0	1	1
NEG_VirB9+1	NEG_VirB9+1|77	149	0	1	1
NEG_VirB9+1	NEG_VirB9+1|78	97	0	1	1
NEG_VirB9+1	NEG_VirB9+1|79	148	0	1	1
NEG_VirB9+1	NEG_VirB9+1|80	145	0	1	1
NEG_VirB9+1	NEG_VirB9+1|81	94	0	1	1
NEG_VirB9+1	NEG_VirB9+1|82	97	0	1	1
NEG_VirB9+1	NEG_VirB9+1|83	147	0	1	1
NEG_VirB9+1	NEG_VirB9+1|84	147	0	1	1
NEG_VirB9+1	NEG_VirB9+1|85	150	0	1	1
NEG_VirB9+1	NEG_VirB9+1|86	145	0	1	1
NEG_VirB9+1	NEG_VirB9+1|87	145	0	1	1
NEG_VirB9+1	NEG_VirB9+1|88	145	0	1	1
NEG_VirB9+1	NEG_VirB9+1|89	145	0	1	1
NEG_VirB9+1	NEG_VirB9+1|90	178	0	1	1
NEG_VirB9+1	NEG_VirB9+1|91	147	0	1	1
NEG_VirB9+1	NEG_VirB9+1|92	145	0	1	1
NEG_VirB9+1	NEG_VirB9+1|93	135	0	1	1
NEG_VirB9+1	NEG_VirB9+1|94	157	0	1	1
NEG_VirB9+1	NEG_VirB9+1|95	159	0	1	1
NEG_VirB9+1	NEG_VirB9+1|96	159	0	1	1
NEG_VirB9+1	NEG_VirB9+1|97	152	0	1	1
NEG_VirB9+1	NEG_VirB9+1|98	152	0	1	1
NEG_VirB9+1	NEG_VirB9+1|99	154	0	1	1
NEG_VirB9+1	NEG_VirB9+1|100	154	0	1	1
NEG_VirB9+1	NEG_VirB9+1|101	154	0	1	1
NEG_VirB9+1	NEG_VirB9+1|102	155	0	1	1
NEG_VirB9+1	NEG_VirB9+1|103	137	0	0	1
NEG_VirB9+1	NEG_VirB9+1|104	159	0	1	1
NEG_VirB9+1	NEG_VirB9+1|105	144	0	1	1
NEG_VirB9+1	NEG_VirB9+1|106	159	0	1	1
NEG_VirB9+1	NEG_VirB9+1|107	145	0	1	1
NEG_VirB9+1	NEG_VirB9+1|108	148	0	1	1
NEG_VirB9+1	NEG_VirB9+1|109	159	0	1	1
NEG_VirB9+1	NEG_VirB9+1|110	159	0	1	1
NEG_VirB9+1	NEG_VirB9+1|111	159	0	1	1
NEG_VirB9+1	NEG_VirB9+1|112	159	0	1	1
NEG_VirB9+1	NEG_VirB9+1|113	159	0	1	1
NEG_VirB9+1	NEG_VirB9+1|114	154	0	1	1
NEG_VirB9+1	NEG_VirB9+1|115	155	0	1	1
NEG_VirB9+1	NEG_VirB9+1|116	147	0	1	1
NEG_VirB9+1	NEG_VirB9+1|117	154	0	1	1
NEG_VirB9+1	NEG_VirB9+1|118	501	1	1	1
NEG_VirB9+1	NEG_VirB9+1|119	158	0	1	1
NEG_VirB9+1	NEG_VirB9+1|120	158	0	1	1
NEG_VirB9+1	NEG_VirB9+1|121	158	0	1	1
NEG_VirB9+1	NEG_VirB9+1|122	158	0	1	1
NEG_VirB9+1	NEG_VirB9+1|123	158	0	1	1
NEG_VirB9+1	NEG_VirB9+1|124	158	0	1	1
NEG_VirB9+1	NEG_VirB9+1|125	158	0	1	1
NEG_VirB9+1	NEG_VirB9+1|126	158	0	1	1
NEG_VirB9+1	NEG_VirB9+1|127	158	0	1	1
NEG_VirB9+1	NEG_VirB9+1|128	158	0	1	1
NEG_VirB9+1	NEG_VirB9+1|129	145	0	1	1
NEG_VirB9+1	NEG_VirB9+1|130	145	0	1	1
NEG_VirB9+1	NEG_VirB9+1|131	145	0	1	1
NEG_VirB9+1	NEG_VirB9+1|132	145	0	1	1
NEG_VirB9+1	NEG_VirB9+1|133	152	0	1	1
NEG_VirB9+1	NEG_VirB9+1|134	234	0	0	1
NEG_VirB9+1	NEG_VirB9+1|135	166	0	1	1
NEG_VirB9+1	NEG_VirB9+1|136	232	0	0	1
NEG_VirB9+1	NEG_VirB9+1|137	146	0	1	1
NEG_VirB9+1	NEG_VirB9+1|138	158	0	1	1
NEG_VirB9+1	NEG_VirB9+1|139	158	0	1	1
NEG_VirB9+1	NEG_VirB9+1|140	138	0	0	1
NEG_VirB9+1	NEG_VirB9+1|141	151	0	1	1
NEG_VirB9+1	NEG_VirB9+1|142	295	0	0	1
NEG_VirB9+1	NEG_VirB9+1|143	148	0	1	1
NEG_VirB9+1	NEG_VirB9+1|144	150	0	1	1
NEG_VirB9+1	NEG_VirB9+1|145	158	0	1	1
NEG_VirB9+1	NEG_VirB9+1|146	158	0	1	1
NEG_VirB9+1	NEG_VirB9+1|147	146	0	1	1
NEG_VirB9+1	NEG_VirB9+1|148	151	0	1	1
NEG_VirB9+1	NEG_VirB9+1|149	145	0	1	1
NEG_VirB9+1	NEG_VirB9+1|150	149	0	1	1
NEG_VirB9+1	NEG_VirB9+1|151	148	0	1	1
NEG_VirB9+1	NEG_VirB9+1|152	106	2	0	1
NEG_VirB9+1	NEG_VirB9+1|153	106	2	0	1
NEG_VirB9+1	NEG_VirB9+1|154	148	0	1	1
NEG_VirB9+1	NEG_VirB9+1|155	148	0	1	1
NEG_VirB9+1	NEG_VirB9+1|156	148	0	1	1
NEG_VirB9+1	NEG_VirB9+1|157	159	0	1	1
NEG_VirB9+1	NEG_VirB9+1|158	159	0	1	1
NEG_VirB9+1	NEG_VirB9+1|159	146	0	1	1
NEG_VirB9+1	NEG_VirB9+1|160	146	0	1	1
NEG_VirB9+1	NEG_VirB9+1|161	102	2	0	1
NEG_VirB9+1	NEG_VirB9+1|162	101	2	0	1
NEG_VirB9+1	NEG_VirB9+1|163	176	4	0	1
NEG_VirB9+1	NEG_VirB9+1|164	144	0	1	1
NEG_VirB9+1	NEG_VirB9+1|165	86	2	0	1
NEG_VirB9+1	NEG_VirB9+1|166	87	2	0	1
NEG_VirB9+1	NEG_VirB9+1|167	87	2	0	1
NEG_VirB9+1	NEG_VirB9+1|168	150	0	1	1
NEG_VirB9+1	NEG_VirB9+1|169	293	0	1	1
NEG_VirB9+1	NEG_VirB9+1|170	153	0	1	1
NEG_VirB9+1	NEG_VirB9+1|171	157	0	1	1
NEG_VirB9+1	NEG_VirB9+1|172	153	0	1	1
NEG_VirB9+1	NEG_VirB9+1|173	155	0	1	1
NEG_VirB9+1	NEG_VirB9+1|174	153	0	1	1
NEG_VirB9+1	NEG_VirB9+1|175	159	0	1	1
NEG_VirB9+1	NEG_VirB9+1|176	145	0	1	1
NEG_VirB9+1	NEG_VirB9+1|177	162	0	1	1
NEG_VirB9+1	NEG_VirB9+1|178	138	0	1	1
NEG_VirB9+1	NEG_VirB9+1|179	148	0	1	1
NEG_VirB9+1	NEG_VirB9+1|180	151	0	1	1
NEG_VirB9+1	NEG_VirB9+1|181	149	0	1	1
NEG_VirB9+1	NEG_VirB9+1|182	153	0	1	1
NEG_VirB9+1	NEG_VirB9+1|183	144	0	1	1
NEG_VirB9+1	NEG_VirB9+1|184	146	0	1	1
NEG_VirB9+1	NEG_VirB9+1|185	153	0	1	1
NEG_VirB9+1	NEG_VirB9+1|186	150	0	1	1
NEG_VirB9+1	NEG_VirB9+1|187	145	0	1	1
NEG_VirB9+1	NEG_VirB9+1|188	145	0	1	1
NEG_VirB9+1	NEG_VirB9+1|189	166	0	1	1
NEG_VirB9+1	NEG_VirB9+1|190	158	0	1	1
NEG_VirB9+1	NEG_VirB9+1|191	158	0	1	1
NEG_VirB9+1	NEG_VirB9+1|192	158	0	1	1
NEG_VirB9+1	NEG_VirB9+1|193	163	0	1	1
NEG_VirB9+1	NEG_VirB9+1|194	160	0	1	1
NEG_VirB9+1	NEG_VirB9+1|195	160	0	1	1
NEG_VirB9+1	NEG_VirB9+1|196	160	0	1	1
NEG_VirB9+1	NEG_VirB9+1|197	150	0	1	1
NEG_VirB9+1	NEG_VirB9+1|198	155	0	1	1
NEG_VirB9+1	NEG_VirB9+1|199	155	0	1	1
NEG_VirB9+1	NEG_VirB9+1|200	155	0	1	1
NEG_VirB9+1	NEG_VirB9+1|201	153	0	1	1
NEG_VirB9+1	NEG_VirB9+1|202	153	0	1	1
NEG_VirB9+1	NEG_VirB9+1|203	153	0	1	1
NEG_VirB9+1	NEG_VirB9+1|204	151	0	1	1
NEG_VirB9+1	NEG_VirB9+1|205	153	0	1	1
NEG_VirB9+1	NEG_VirB9+1|206	171	0	1	1
NEG_VirB9+1	NEG_VirB9+1|207	160	0	1	1
NEG_VirB9+1	NEG_VirB9+1|208	149	0	1	1
NEG_VirB9+1	NEG_VirB9+1|209	149	0	1	1
NEG_VirB9+1	NEG_VirB9+1|210	150	0	1	1
NEG_VirB9+1	NEG_VirB9+1|211	153	0	1	1
NEG_VirB9+1	NEG_VirB9+1|212	153	0	1	1
NEG_VirB9+1	NEG_VirB9+1|213	153	0	1	1
NEG_VirB9+1	NEG_VirB9+1|214	165	0	1	1
NEG_VirB9+1	NEG_VirB9+1|215	162	0	1	1
NEG_VirB9+1	NEG_VirB9+1|216	155	0	1	1
NEG_VirB9+1	NEG_VirB9+1|217	157	0	1	1
NEG_VirB9+1	NEG_VirB9+1|218	162	0	1	1
NEG_VirB9+1	NEG_VirB9+1|219	154	0	1	1
NEG_VirB9+1	NEG_VirB9+1|220	162	0	1	1
NEG_VirB9+1	NEG_VirB9+1|221	162	0	1	1
NEG_VirB9+1	NEG_VirB9+1|222	165	0	1	1
NEG_VirB9+1	NEG_VirB9+1|223	162	0	1	1
NEG_VirB9+1	NEG_VirB9+1|224	163	0	1	1
NEG_VirB9+1	NEG_VirB9+1|225	163	0	1	1
NEG_VirB9+1	NEG_VirB9+1|226	146	0	1	1
NEG_VirB9+1	NEG_VirB9+1|227	146	0	1	1
NEG_VirB9+1	NEG_VirB9+1|228	146	0	1	1
NEG_VirB9+1	NEG_VirB9+1|229	146	0	1	1
NEG_VirB9+1	NEG_VirB9+1|230	147	0	1	1
NEG_VirB9+1	NEG_VirB9+1|231	82	0	1	1
NEG_VirB9+1	NEG_VirB9+1|232	149	0	1	1
NEG_VirB9+1	NEG_VirB9+1|233	147	0	1	1
NEG_VirB9+1	NEG_VirB9+1|234	171	0	1	1
NEG_VirB9+1	NEG_VirB9+1|235	171	0	1	1
NEG_VirB9+1	NEG_VirB9+1|236	157	0	1	1
NEG_VirB9+1	NEG_VirB9+1|237	146	0	1	1
NEG_VirB9+1	NEG_VirB9+1|238	146	0	1	1
NEG_VirB9+1	NEG_VirB9+1|239	145	0	1	1
NEG_VirB9+1	NEG_VirB9+1|240	146	0	1	1
NEG_VirB9+1	NEG_VirB9+1|241	145	0	1	1
NEG_VirB9+1	NEG_VirB9+1|242	166	0	1	1
NEG_VirB9+1	NEG_VirB9+1|243	146	0	1	1
NEG_VirB9+1	NEG_VirB9+1|244	146	0	1	1
NEG_VirB9+1	NEG_VirB9+1|245	148	0	1	1
NEG_VirB9+1	NEG_VirB9+1|246	145	0	1	1
NEG_VirB9+1	NEG_VirB9+1|247	145	0	1	1
NEG_VirB9+1	NEG_VirB9+1|248	145	0	1	1
NEG_VirB9+1	NEG_VirB9+1|249	145	0	1	1
NEG_VirB9+1	NEG_VirB9+1|250	145	0	1	1
NEG_VirB9+1	NEG_VirB9+1|251	146	0	1	1
NEG_VirB9+1	NEG_VirB9+1|252	146	0	1	1
NEG_VirB9+1	NEG_VirB9+1|253	145	0	1	1
NEG_VirB9+1	NEG_VirB9+1|254	145	0	1	1
NEG_VirB9+1	NEG_VirB9+1|255	145	0	1	1
NEG_VirB9+1	NEG_VirB9+1|256	145	0	1	1
NEG_VirB9+1	NEG_VirB9+1|257	145	0	1	1
NEG_VirB9+1	NEG_VirB9+1|258	146	0	1	1
NEG_VirB9+1	NEG_VirB9+1|259	146	0	1	1
NEG_VirB9+1	NEG_VirB9+1|260	167	0	1	1
NEG_VirB9+1	NEG_VirB9+1|261	146	0	1	1
NEG_VirB9+1	NEG_VirB9+1|262	136	3	0	1
NEG_VirB9+1	NEG_VirB9+1|263	155	0	1	1
NEG_VirB9+1	NEG_VirB9+1|264	145	0	1	1
NEG_VirB9+1	NEG_VirB9+1|265	145	0	1	1
NEG_VirB9+1	NEG_VirB9+1|266	153	0	1	1
NEG_VirB9+1	NEG_VirB9+1|267	153	0	1	1
NEG_VirB9+1	NEG_VirB9+1|268	153	0	1	1
NEG_VirB9+1	NEG_VirB9+1|269	153	0	1	1
NEG_VirB9+1	NEG_VirB9+1|270	153	0	1	1
NEG_VirB9+1	NEG_VirB9+1|271	144	0	1	1
NEG_VirB9+1	NEG_VirB9+1|272	147	0	1	1
NEG_VirB9+1	NEG_VirB9+1|273	147	0	1	1
NEG_VirB9+1	NEG_VirB9+1|274	147	0	1	1
NEG_VirB9+1	NEG_VirB9+1|275	147	0	1	1
NEG_VirB9+1	NEG_VirB9+1|276	144	0	1	1
NEG_VirB9+1	NEG_VirB9+1|277	145	0	1	1
NEG_VirB9+1	NEG_VirB9+1|278	145	0	1	1
NEG_VirB9+1	NEG_VirB9+1|279	145	0	1	1
NEG_VirB9+1	NEG_VirB9+1|280	148	0	1	1
NEG_VirB9+1	NEG_VirB9+1|281	157	0	1	1
NEG_VirB9+1	NEG_VirB9+1|282	146	0	1	1
NEG_VirB9+1	NEG_VirB9+1|283	146	0	1	1
NEG_VirB9+1	NEG_VirB9+1|284	150	0	1	1
NEG_VirB9+1	NEG_VirB9+1|285	156	0	1	1
NEG_VirB9+1	NEG_VirB9+1|286	148	0	1	1
NEG_VirB9+1	NEG_VirB9+1|287	158	0	1	1
NEG_VirB9+1	NEG_VirB9+1|288	155	0	1	1
NEG_VirB9+1	NEG_VirB9+1|289	150	0	1	1
NEG_VirB9+1	NEG_VirB9+1|290	150	0	1	1
NEG_VirB9+1	NEG_VirB9+1|291	143	0	1	1
NEG_VirB9+1	NEG_VirB9+1|292	150	0	1	1
NEG_VirB9+1	NEG_VirB9+1|293	146	0	1	1
NEG_VirB9+1	NEG_VirB9+1|294	146	0	1	1
NEG_VirB9+1	NEG_VirB9+1|295	145	0	1	1
NEG_VirB9+1	NEG_VirB9+1|296	150	0	1	1
NEG_VirB9+1	NEG_VirB9+1|297	144	0	1	1
NEG_VirB9+1	NEG_VirB9+1|298	144	0	1	1
NEG_VirB9+1	NEG_VirB9+1|299	144	0	1	1
NEG_VirB9+1	NEG_VirB9+1|300	144	0	1	1
NEG_VirB9+1	NEG_VirB9+1|301	150	0	1	1
NEG_VirB9+1	NEG_VirB9+1|302	157	0	1	1
NEG_VirB9+1	NEG_VirB9+1|303	158	0	1	1
NEG_VirB9+1	NEG_VirB9+1|304	158	0	1	1
NEG_VirB9+1	NEG_VirB9+1|305	105	0	1	1
NEG_VirB9+1	NEG_VirB9+1|306	165	0	1	1
NEG_VirB9+1	NEG_VirB9+1|307	81	0	1	1
NEG_VirB9+1	NEG_VirB9+1|308	142	0	1	1
NEG_VirB9+1	NEG_VirB9+1|309	158	0	1	1
NEG_VirB9+1	NEG_VirB9+1|310	158	0	1	1
NEG_VirB9+1	NEG_VirB9+1|311	144	0	1	1
NEG_VirB9+1	NEG_VirB9+1|312	159	0	1	1
NEG_VirB9+1	NEG_VirB9+1|313	159	0	1	1
NEG_VirB9+1	NEG_VirB9+1|314	153	0	1	1
NEG_VirB9+1	NEG_VirB9+1|315	153	0	1	1
NEG_VirB9+1	NEG_VirB9+1|316	148	0	1	1
NEG_VirB9+1	NEG_VirB9+1|317	145	0	1	1
NEG_VirB9+1	NEG_VirB9+1|318	145	0	1	1
NEG_VirB9+1	NEG_VirB9+1|319	145	0	1	1
NEG_VirB9+1	NEG_VirB9+1|320	150	0	1	1
NEG_VirB9+1	NEG_VirB9+1|321	150	0	1	1
NEG_VirB9+1	NEG_VirB9+1|322	150	0	1	1
NEG_VirB9+1	NEG_VirB9+1|323	153	0	1	1
NEG_VirB9+1	NEG_VirB9+1|324	157	0	1	1
NEG_VirB9+1	NEG_VirB9+1|325	152	0	1	1
NEG_VirB9+1	NEG_VirB9+1|326	90	0	0	1
NEG_VirB9+1	NEG_VirB9+1|327	155	0	1	1
NEG_VirB9+1	NEG_VirB9+1|328	155	0	1	1
NEG_VirB9+1	NEG_VirB9+1|329	158	0	1	1
NEG_VirB9+1	NEG_VirB9+1|330	965	0	0	1
NEG_VirB9+1	NEG_VirB9+1|331	141	0	1	1
NEG_VirB9+1	NEG_VirB9+1|332	151	0	1	1
NEG_VirB9+1	NEG_VirB9+1|333	355	0	0	1
NEG_VirB9+1	NEG_VirB9+1|334	235	4	0	1
NEG_VirB9+1	NEG_VirB9+1|335	235	4	0	1
NEG_VirB9+1	NEG_VirB9+1|336	108	0	0	1
NEG_VirB9+1	NEG_VirB9+1|337	165	0	1	1
NEG_VirB9+1	NEG_VirB9+1|338	152	0	1	1
NEG_VirB9+1	NEG_VirB9+1|339	160	0	1	1
NEG_VirB9+1	NEG_VirB9+1|340	150	0	1	1
NEG_VirB9+1	NEG_VirB9+1|341	150	0	1	1
NEG_VirB9+1	NEG_VirB9+1|342	158	0	1	1
NEG_VirB9+1	NEG_VirB9+1|343	301	0	0	1
NEG_VirB9+1	NEG_VirB9+1|344	127	0	0	1
NEG_VirB9+1	NEG_VirB9+1|345	131	0	0	1
NEG_VirB9+1	NEG_VirB9+1|346	132	0	1	1
NEG_VirB9+1	NEG_VirB9+1|347	145	0	1	1
NEG_VirB9+1	NEG_VirB9+1|348	145	0	1	1
NEG_VirB9+1	NEG_VirB9+1|349	145	0	1	1
NEG_VirB9+1	NEG_VirB9+1|350	258	0	1	1
NEG_VirB9+1	NEG_VirB9+1|351	257	0	1	1
NEG_VirB9+1	NEG_VirB9+1|352	257	0	1	1
NEG_VirB9+1	NEG_VirB9+1|353	146	0	1	1
NEG_VirB10+1	NEG_VirB10+1|0	166	2	0	1
NEG_VirB10+1	NEG_VirB10+1|1	147	0	0	1
NEG_VirB10+1	NEG_VirB10+1|2	234	0	0	1
NEG_VirB10+1	NEG_VirB10+1|3	234	0	0	1
NEG_VirB10+1	NEG_VirB10+1|4	233	0	0	1
NEG_VirB10+1	NEG_VirB10+1|5	234	0	0	1
NEG_VirB10+1	NEG_VirB10+1|6	107	0	0	1
NEG_VirB10+1	NEG_VirB10+1|7	65	0	0	1
NEG_VirB10+1	NEG_VirB10+1|8	232	0	0	1
NEG_VirB10+1	NEG_VirB10+1|9	315	0	0	1
NEG_VirB10+1	NEG_VirB10+1|10	81	1	0	1
NEG_VirB10+1	NEG_VirB10+1|11	234	0	0	1
NEG_VirB10+1	NEG_VirB10+1|12	233	0	0	1
NEG_VirB10+1	NEG_VirB10+1|13	233	0	0	1
NEG_VirB10+1	NEG_VirB10+1|14	233	0	0	1
NEG_VirB10+1	NEG_VirB10+1|15	233	0	0	1
NEG_VirB10+1	NEG_VirB10+1|16	233	0	0	1
NEG_VirB10+1	NEG_VirB10+1|17	233	0	0	1
NEG_VirB10+1	NEG_VirB10+1|18	234	0	0	1
NEG_VirB10+1	NEG_VirB10+1|19	534	10	0	0
NEG_VirB10+1	NEG_VirB10+1|20	134	4	0	0
NEG_VirB10+1	NEG_VirB10+1|21	78	0	0	1
NEG_VirB10+1	NEG_VirB10+1|22	234	0	0	1
NEG_VirB10+1	NEG_VirB10+1|23	118	0	0	1
NEG_VirB10+1	NEG_VirB10+1|24	123	0	1	1
NEG_VirB10+1	NEG_VirB10+1|25	90	0	0	1
NEG_VirB10+1	NEG_VirB10+1|26	193	3	0	0
NEG_VirB10+1	NEG_VirB10+1|27	107	0	0	1
NEG_VirB10+1	NEG_VirB10+1|28	506	0	0	1
NEG_VirB10+1	NEG_VirB10+1|29	305	0	0	1
NEG_VirB10+1	NEG_VirB10+1|30	355	6	0	1
NEG_VirB10+1	NEG_VirB10+1|31	130	0	0	1
NEG_VirB10+1	NEG_VirB10+1|32	323	0	0	1
NEG_VirB10+1	NEG_VirB10+1|33	208	0	1	1
NEG_VirB10+1	NEG_VirB10+1|34	80	0	0	1
NEG_VirB10+1	NEG_VirB10+1|35	79	0	0	1
NEG_VirB10+1	NEG_VirB10+1|36	74	0	0	1
NEG_VirB10+1	NEG_VirB10+1|37	74	0	0	1
NEG_VirB10+1	NEG_VirB10+1|38	74	0	0	1
NEG_VirB10+1	NEG_VirB10+1|39	73	0	0	1
NEG_VirB10+1	NEG_VirB10+1|40	77	0	0	1
NEG_VirB10+1	NEG_VirB10+1|41	76	0	0	1
NEG_VirB10+1	NEG_VirB10+1|42	107	0	0	1
NEG_VirB10+1	NEG_VirB10+1|43	108	0	0	1
NEG_VirB10+1	NEG_VirB10+1|44	109	0	0	1
NEG_VirB10+1	NEG_VirB10+1|45	146	0	0	1
NEG_VirB10+1	NEG_VirB10+1|46	74	0	0	1
NEG_VirB10+1	NEG_VirB10+1|47	194	2	0	1
NEG_VirB10+1	NEG_VirB10+1|48	153	0	0	1
NEG_VirB10+1	NEG_VirB10+1|49	154	0	0	1
NEG_VirB10+1	NEG_VirB10+1|50	154	0	0	1
NEG_VirB10+1	NEG_VirB10+1|51	119	0	0	1
NEG_VirB10+1	NEG_VirB10+1|52	156	0	0	1
NEG_VirB10+1	NEG_VirB10+1|53	156	0	0	1
NEG_VirB10+1	NEG_VirB10+1|54	156	0	0	1
NEG_VirB10+1	NEG_VirB10+1|55	156	0	0	1
NEG_VirB10+1	NEG_VirB10+1|56	156	0	0	1
NEG_VirB10+1	NEG_VirB10+1|57	156	0	0	1
NEG_VirB10+1	NEG_VirB10+1|58	155	0	0	1
NEG_VirB10+1	NEG_VirB10+1|59	156	0	0	1
NEG_VirB10+1	NEG_VirB10+1|60	156	0	0	1
NEG_VirB10+1	NEG_VirB10+1|61	156	0	0	1
NEG_VirB10+1	NEG_VirB10+1|62	103	0	0	1
NEG_VirB10+1	NEG_VirB10+1|63	474	0	0	1
NEG_VirB10+1	NEG_VirB10+1|64	176	0	0	1
NEG_VirB10+1	NEG_VirB10+1|65	277	0	0	1
NEG_VirB10+1	NEG_VirB10+1|66	254	0	0	1
NEG_VirB10+1	NEG_VirB10+1|67	254	0	0	1
NEG_VirB10+1	NEG_VirB10+1|68	254	0	0	1
NEG_VirB10+1	NEG_VirB10+1|69	448	0	0	1
NEG_VirB10+1	NEG_VirB10+1|70	448	0	0	1
NEG_VirB10+1	NEG_VirB10+1|71	234	0	0	1
NEG_VirB10+1	NEG_VirB10+1|72	47	0	0	1
NEG_VirB10+1	NEG_VirB10+1|73	91	0	0	1
NEG_VirB10+1	NEG_VirB10+1|74	111	0	0	1
NEG_VirB10+1	NEG_VirB10+1|75	234	0	0	1
NEG_VirB10+1	NEG_VirB10+1|76	234	0	0	1
NEG_VirB10+1	NEG_VirB10+1|77	55	0	0	1
NEG_VirB10+1	NEG_VirB10+1|78	237	0	0	1
NEG_VirB10+1	NEG_VirB10+1|79	81	2	0	1
NEG_VirB10+1	NEG_VirB10+1|80	81	2	0	1
NEG_VirB10+1	NEG_VirB10+1|81	55	2	0	1
NEG_VirB10+1	NEG_VirB10+1|82	236	0	0	1
NEG_VirB10+1	NEG_VirB10+1|83	236	0	0	1
NEG_VirB10+1	NEG_VirB10+1|84	236	0	0	1
NEG_VirB10+1	NEG_VirB10+1|85	44	0	0	1
NEG_VirB10+1	NEG_VirB10+1|86	317	0	0	1
NEG_VirB10+1	NEG_VirB10+1|87	313	0	0	1
NEG_VirB10+1	NEG_VirB10+1|88	68	2	0	1
NEG_VirB10+1	NEG_VirB10+1|89	71	2	0	0
NEG_VirB10+1	NEG_VirB10+1|90	248	0	0	1
NEG_VirB10+1	NEG_VirB10+1|91	248	0	0	1
NEG_VirB10+1	NEG_VirB10+1|92	181	0	0	1
NEG_VirB10+1	NEG_VirB10+1|93	164	0	0	1
NEG_VirB10+1	NEG_VirB10+1|94	374	0	0	1
NEG_VirB10+1	NEG_VirB10+1|95	92	0	0	1
NEG_VirB10+1	NEG_VirB10+1|96	58	0	0	1
NEG_VirB10+1	NEG_VirB10+1|97	107	0	0	1
NEG_VirB10+1	NEG_VirB10+1|98	238	0	0	1
NEG_VirB10+1	NEG_VirB10+1|99	419	12	0	1
NEG_VirB10+1	NEG_VirB10+1|100	36	1	0	1
NEG_VirB10+1	NEG_VirB10+1|101	68	0	0	1
NEG_VirB10+1	NEG_VirB10+1|102	66	0	0	1
NEG_VirB10+1	NEG_VirB10+1|103	66	0	0	1
NEG_VirB10+1	NEG_VirB10+1|104	123	0	0	1
NEG_VirB10+1	NEG_VirB10+1|105	578	12	1	1
NEG_VirB10+1	NEG_VirB10+1|106	274	0	0	1
NEG_VirB10+1	NEG_VirB10+1|107	67	0	0	1
NEG_VirB10+1	NEG_VirB10+1|108	238	0	0	1
NEG_VirB10+1	NEG_VirB10+1|109	238	0	0	1
NEG_VirB10+1	NEG_VirB10+1|110	238	0	0	1
NEG_VirB10+1	NEG_VirB10+1|111	479	0	0	1
NEG_VirB10+1	NEG_VirB10+1|112	482	0	0	1
NEG_VirB10+1	NEG_VirB10+1|113	106	0	0	1
NEG_VirB10+1	NEG_VirB10+1|114	106	0	0	1
NEG_VirB10+1	NEG_VirB10+1|115	152	0	0	1
NEG_VirB10+1	NEG_VirB10+1|116	198	2	0	1
NEG_VirB10+1	NEG_VirB10+1|117	149	0	0	1
NEG_VirB10+1	NEG_VirB10+1|118	277	0	0	1
NEG_VirB10+1	NEG_VirB10+1|119	99	0	0	1
NEG_VirB10+1	NEG_VirB10+1|120	99	0	0	1
NEG_VirB10+1	NEG_VirB10+1|121	99	0	0	1
NEG_VirB10+1	NEG_VirB10+1|122	99	0	0	1
NEG_VirB10+1	NEG_VirB10+1|123	115	0	0	1
NEG_VirB10+1	NEG_VirB10+1|124	115	0	0	1
NEG_VirB10+1	NEG_VirB10+1|125	115	0	0	1
NEG_VirB10+1	NEG_VirB10+1|126	236	0	0	1
NEG_VirB10+1	NEG_VirB10+1|127	236	0	0	1
NEG_VirB10+1	NEG_VirB10+1|128	236	0	0	1
NEG_VirB10+1	NEG_VirB10+1|129	236	0	0	1
NEG_VirB10+1	NEG_VirB10+1|130	236	0	0	1
NEG_VirB10+1	NEG_VirB10+1|131	236	0	0	1
NEG_VirB10+1	NEG_VirB10+1|132	98	0	0	1
NEG_VirB10+1	NEG_VirB10+1|133	169	0	0	1
NEG_VirB10+1	NEG_VirB10+1|134	169	0	0	1
NEG_VirB10+1	NEG_VirB10+1|135	114	0	0	1
NEG_VirB10+1	NEG_VirB10+1|136	99	0	0	1
NEG_VirB10+1	NEG_VirB10+1|137	91	0	0	1
NEG_VirB10+1	NEG_VirB10+1|138	215	0	0	1
NEG_VirB10+1	NEG_VirB10+1|139	120	0	0	1
NEG_VirB10+1	NEG_VirB10+1|140	300	0	0	1
NEG_VirB10+1	NEG_VirB10+1|141	300	0	0	1
NEG_VirB10+1	NEG_VirB10+1|142	300	0	0	1
NEG_VirB10+1	NEG_VirB10+1|143	82	0	0	1
NEG_VirB10+1	NEG_VirB10+1|144	296	0	0	1
NEG_VirB10+1	NEG_VirB10+1|145	296	0	0	1
NEG_VirB10+1	NEG_VirB10+1|146	384	2	0	1
NEG_VirB10+1	NEG_VirB10+1|147	84	0	0	1
NEG_VirB10+1	NEG_VirB10+1|148	84	0	0	1
NEG_VirB10+1	NEG_VirB10+1|149	348	0	0	1
NEG_VirB10+1	NEG_VirB10+1|150	331	0	0	1
NEG_VirB10+1	NEG_VirB10+1|151	32	0	0	1
NEG_VirB10+1	NEG_VirB10+1|152	155	0	1	1
NEG_VirB10+1	NEG_VirB10+1|153	70	1	0	1
NEG_VirB10+1	NEG_VirB10+1|154	70	1	0	1
NEG_VirB10+1	NEG_VirB10+1|155	70	1	0	1
NEG_VirB10+1	NEG_VirB10+1|156	235	0	0	1
NEG_VirB10+1	NEG_VirB10+1|157	170	0	0	1
NEG_VirB10+1	NEG_VirB10+1|158	831	2	0	1
NEG_VirB10+1	NEG_VirB10+1|159	192	0	1	1
NEG_VirB10+1	NEG_VirB10+1|160	192	0	1	1
NEG_VirB10+1	NEG_VirB10+1|161	32	0	0	1
NEG_VirB10+1	NEG_VirB10+1|162	378	0	0	1
NEG_VirB10+1	NEG_VirB10+1|163	362	0	0	1
NEG_VirB10+1	NEG_VirB10+1|164	362	0	0	1
NEG_VirB10+1	NEG_VirB10+1|165	720	0	0	1
NEG_VirB10+1	NEG_VirB10+1|166	441	0	0	1
NEG_VirB10+1	NEG_VirB10+1|167	78	0	0	1
NEG_VirB10+1	NEG_VirB10+1|168	226	0	1	1
NEG_VirB10+1	NEG_VirB10+1|169	63	0	1	1
NEG_VirB10+1	NEG_VirB10+1|170	63	0	1	1
NEG_VirB10+1	NEG_VirB10+1|171	189	0	1	1
NEG_VirB10+1	NEG_VirB10+1|172	208	0	0	1
NEG_VirB10+1	NEG_VirB10+1|173	128	0	0	1
NEG_VirB10+1	NEG_VirB10+1|174	170	0	1	1
NEG_VirB10+1	NEG_VirB10+1|175	170	0	1	1
NEG_VirB10+1	NEG_VirB10+1|176	321	0	0	1
NEG_VirB10+1	NEG_VirB10+1|177	102	0	0	1
NEG_VirB10+1	NEG_VirB10+1|178	261	0	0	1
NEG_VirB10+1	NEG_VirB10+1|179	227	0	0	1
NEG_VirB10+1	NEG_VirB10+1|180	234	0	0	1
NEG_VirB10+1	NEG_VirB10+1|181	103	0	0	1
NEG_VirB10+1	NEG_VirB10+1|182	81	0	0	1
NEG_VirB10+1	NEG_VirB10+1|183	55	0	0	1
NEG_VirB10+1	NEG_VirB10+1|184	63	0	0	1
NEG_VirB10+1	NEG_VirB10+1|185	38	0	0	1
NEG_VirB10+1	NEG_VirB10+1|186	324	0	0	1
NEG_VirB10+1	NEG_VirB10+1|187	102	1	0	1
NEG_VirB10+1	NEG_VirB10+1|188	238	0	0	1
NEG_VirB10+1	NEG_VirB10+1|189	422	0	0	1
NEG_VirB10+1	NEG_VirB10+1|190	171	0	0	1
NEG_VirB10+1	NEG_VirB10+1|191	81	2	0	1
NEG_VirB10+1	NEG_VirB10+1|192	77	2	0	1
NEG_VirB10+1	NEG_VirB10+1|193	179	0	1	1
NEG_VirB10+1	NEG_VirB10+1|194	216	1	0	1
NEG_VirB10+1	NEG_VirB10+1|195	219	1	0	1
NEG_VirB10+1	NEG_VirB10+1|196	220	1	0	1
NEG_VirB10+1	NEG_VirB10+1|197	149	0	0	1
NEG_VirB10+1	NEG_VirB10+1|198	171	1	1	1
NEG_VirB10+1	NEG_VirB10+1|199	240	0	0	1
NEG_VirB10+1	NEG_VirB10+1|200	81	0	0	1
NEG_VirB10+1	NEG_VirB10+1|201	87	0	0	1
NEG_VirB10+1	NEG_VirB10+1|202	88	2	0	1
NEG_VirB10+1	NEG_VirB10+1|203	950	0	0	1
NEG_VirB10+1	NEG_VirB10+1|204	102	0	0	1
NEG_VirB10+1	NEG_VirB10+1|205	102	0	0	1
NEG_VirB10+1	NEG_VirB10+1|206	102	0	0	1
NEG_VirB10+1	NEG_VirB10+1|207	95	0	0	1
NEG_VirB10+1	NEG_VirB10+1|208	102	0	0	1
NEG_VirB10+1	NEG_VirB10+1|209	102	0	0	1
NEG_VirB10+1	NEG_VirB10+1|210	102	0	0	1
NEG_VirB10+1	NEG_VirB10+1|211	410	0	0	1
NEG_VirB10+1	NEG_VirB10+1|212	204	0	1	1
NEG_VirB10+1	NEG_VirB10+1|213	205	0	1	1
NEG_VirB10+1	NEG_VirB10+1|214	78	0	0	1
NEG_VirB10+1	NEG_VirB10+1|215	78	0	0	1
NEG_VirB10+1	NEG_VirB10+1|216	74	0	0	1
NEG_VirB10+1	NEG_VirB10+1|217	152	0	0	1
NEG_VirB10+1	NEG_VirB10+1|218	113	0	0	1
NEG_VirB10+1	NEG_VirB10+1|219	158	0	0	1
NEG_VirB10+1	NEG_VirB10+1|220	77	0	0	1
NEG_VirB10+1	NEG_VirB10+1|221	129	0	0	1
NEG_VirB10+1	NEG_VirB10+1|222	239	0	0	1
NEG_VirB10+1	NEG_VirB10+1|223	221	0	0	1
NEG_VirB10+1	NEG_VirB10+1|224	222	0	0	1
NEG_VirB10+1	NEG_VirB10+1|225	69	0	0	1
NEG_VirB10+1	NEG_VirB10+1|226	66	0	0	1
NEG_VirB10+1	NEG_VirB10+1|227	66	0	0	1
NEG_VirB10+1	NEG_VirB10+1|228	70	0	0	1
NEG_VirB10+1	NEG_VirB10+1|229	246	0	0	1
NEG_VirB10+1	NEG_VirB10+1|230	246	0	0	1
NEG_VirB10+1	NEG_VirB10+1|231	246	0	0	1
NEG_VirB10+1	NEG_VirB10+1|232	246	0	0	1
NEG_VirB10+1	NEG_VirB10+1|233	83	0	0	1
NEG_VirB10+1	NEG_VirB10+1|234	212	1	0	1
NEG_VirB10+1	NEG_VirB10+1|235	40	0	0	1
NEG_VirB10+1	NEG_VirB10+1|236	81	0	0	1
NEG_VirB10+1	NEG_VirB10+1|237	159	0	0	1
NEG_VirB10+1	NEG_VirB10+1|238	76	0	0	1
NEG_VirB10+1	NEG_VirB10+1|239	119	1	0	1
NEG_VirB10+1	NEG_VirB10+1|240	106	2	0	1
NEG_VirB10+1	NEG_VirB10+1|241	96	2	0	1
NEG_VirB10+1	NEG_VirB10+1|242	106	2	0	1
NEG_VirB10+1	NEG_VirB10+1|243	42	0	0	1
NEG_VirB10+1	NEG_VirB10+1|244	119	0	0	1
NEG_VirB10+1	NEG_VirB10+1|245	413	0	0	1
NEG_VirB10+1	NEG_VirB10+1|246	93	0	0	1
NEG_VirB10+1	NEG_VirB10+1|247	389	0	0	1
NEG_VirB10+1	NEG_VirB10+1|248	238	0	0	1
NEG_VirB10+1	NEG_VirB10+1|249	109	0	1	1
NEG_VirB10+1	NEG_VirB10+1|250	237	0	0	1
NEG_VirB10+1	NEG_VirB10+1|251	237	0	0	1
NEG_VirB10+1	NEG_VirB10+1|252	81	0	0	1
NEG_VirB10+1	NEG_VirB10+1|253	57	0	0	1
NEG_VirB10+1	NEG_VirB10+1|254	304	0	0	1
NEG_VirB10+1	NEG_VirB10+1|255	275	0	0	1
NEG_VirB10+1	NEG_VirB10+1|256	43	0	0	1
NEG_VirB10+1	NEG_VirB10+1|257	96	0	0	1
NEG_VirB10+1	NEG_VirB10+1|258	169	0	0	1
NEG_VirB10+1	NEG_VirB10+1|259	678	0	0	1
NEG_VirB10+1	NEG_VirB10+1|260	79	0	0	1
NEG_VirB10+1	NEG_VirB10+1|261	87	1	0	1
NEG_VirB10+1	NEG_VirB10+1|262	53	0	0	1
NEG_VirB10+1	NEG_VirB10+1|263	219	1	0	1
NEG_VirB10+1	NEG_VirB10+1|264	101	0	0	1
NEG_VirB10+1	NEG_VirB10+1|265	150	0	0	1
NEG_VirB10+1	NEG_VirB10+1|266	88	0	0	1
NEG_VirB10+1	NEG_VirB10+1|267	56	0	0	1
NEG_VirB10+1	NEG_VirB10+1|268	289	0	0	1
NEG_VirB10+1	NEG_VirB10+1|269	250	0	0	1
NEG_VirB10+1	NEG_VirB10+1|270	106	2	0	1
NEG_VirB10+1	NEG_VirB10+1|271	216	0	0	1
NEG_VirB10+1	NEG_VirB10+1|272	120	0	0	1
NEG_VirB10+1	NEG_VirB10+1|273	39	0	0	1
NEG_VirB10+1	NEG_VirB10+1|274	138	0	0	1
NEG_VirB10+1	NEG_VirB10+1|275	138	0	0	1
NEG_VirB10+1	NEG_VirB10+1|276	138	0	0	1
NEG_VirB10+1	NEG_VirB10+1|277	326	0	0	1
NEG_VirB10+1	NEG_VirB10+1|278	326	0	0	1
NEG_VirB10+1	NEG_VirB10+1|279	326	0	0	1
NEG_VirB10+1	NEG_VirB10+1|280	194	0	0	1
NEG_VirB10+1	NEG_VirB10+1|281	196	0	0	1
NEG_VirB10+1	NEG_VirB10+1|282	78	0	0	1
NEG_VirB10+1	NEG_VirB10+1|283	75	0	0	1
NEG_VirB10+1	NEG_VirB10+1|284	74	0	0	1
NEG_VirB10+1	NEG_VirB10+1|285	150	0	0	1
NEG_VirB10+1	NEG_VirB10+1|286	236	0	0	1
NEG_VirB10+1	NEG_VirB10+1|287	59	0	0	1
NEG_VirB10+1	NEG_VirB10+1|288	53	1	0	1
NEG_VirB10+1	NEG_VirB10+1|289	190	0	0	1
NEG_VirB10+1	NEG_VirB10+1|290	725	0	0	1
NEG_VirB10+1	NEG_VirB10+1|291	38	0	0	1
NEG_VirB10+1	NEG_VirB10+1|292	77	0	0	1
NEG_VirB10+1	NEG_VirB10+1|293	723	0	0	1
NEG_VirB10+1	NEG_VirB10+1|294	723	0	0	1
NEG_VirB10+1	NEG_VirB10+1|295	217	0	0	1
NEG_VirB10+1	NEG_VirB10+1|296	89	0	0	1
NEG_VirB10+1	NEG_VirB10+1|297	81	0	0	1
NEG_VirB10+1	NEG_VirB10+1|298	81	0	0	1
NEG_VirB10+1	NEG_VirB10+1|299	81	0	0	1
NEG_VirB10+1	NEG_VirB10+1|300	81	0	0	1
NEG_VirB10+1	NEG_VirB10+1|301	86	0	0	1
NEG_VirB10+1	NEG_VirB10+1|302	52	0	0	1
NEG_VirB10+1	NEG_VirB10+1|303	99	0	0	1
NEG_VirB10+1	NEG_VirB10+1|304	99	0	0	1
NEG_VirB10+1	NEG_VirB10+1|305	78	0	0	1
NEG_VirB10+1	NEG_VirB10+1|306	398	0	0	1
NEG_VirB10+1	NEG_VirB10+1|307	205	0	0	1
NEG_VirB10+1	NEG_VirB10+1|308	73	0	0	1
NEG_VirB10+1	NEG_VirB10+1|309	76	0	0	1
NEG_VirB10+1	NEG_VirB10+1|310	240	0	0	1
NEG_VirB10+1	NEG_VirB10+1|311	61	0	0	1
NEG_VirB10+1	NEG_VirB10+1|312	260	0	0	1
NEG_VirB10+1	NEG_VirB10+1|313	101	0	0	1
NEG_VirB10+1	NEG_VirB10+1|314	96	0	0	1
NEG_VirB10+1	NEG_VirB10+1|315	73	0	0	1
NEG_VirB10+1	NEG_VirB10+1|316	73	0	0	1
NEG_VirB10+1	NEG_VirB10+1|317	78	0	0	1
NEG_VirB10+1	NEG_VirB10+1|318	75	0	0	1
NEG_VirB10+1	NEG_VirB10+1|319	73	0	0	1
NEG_VirB10+1	NEG_VirB10+1|320	83	0	0	1
NEG_VirB10+1	NEG_VirB10+1|321	73	0	0	1
NEG_VirB10+1	NEG_VirB10+1|322	73	0	0	1
NEG_VirB10+1	NEG_VirB10+1|323	78	0	0	1
NEG_VirB10+1	NEG_VirB10+1|324	79	0	0	1
NEG_VirB10+1	NEG_VirB10+1|325	87	0	0	1
NEG_VirB10+1	NEG_VirB10+1|326	76	0	0	1
NEG_VirB10+1	NEG_VirB10+1|327	89	0	0	1
NEG_VirB10+1	NEG_VirB10+1|328	75	0	0	1
NEG_VirB10+1	NEG_VirB10+1|329	260	0	0	1
NEG_VirB10+1	NEG_VirB10+1|330	82	0	0	1
NEG_VirB10+1	NEG_VirB10+1|331	111	0	0	1
NEG_VirB10+1	NEG_VirB10+1|332	212	1	0	1
NEG_VirB10+1	NEG_VirB10+1|333	83	0	0	1
NEG_VirB10+1	NEG_VirB10+1|334	106	2	0	1
NEG_VirB10+1	NEG_VirB10+1|335	106	2	0	1
NEG_VirB10+1	NEG_VirB10+1|336	79	0	0	1
NEG_VirB10+1	NEG_VirB10+1|337	106	2	0	1
NEG_VirB10+1	NEG_VirB10+1|338	106	2	0	1
NEG_VirB10+1	NEG_VirB10+1|339	63	0	0	1
NEG_VirB10+1	NEG_VirB10+1|340	106	2	0	1
NEG_VirB10+1	NEG_VirB10+1|341	100	2	0	1
NEG_VirB10+1	NEG_VirB10+1|342	106	2	0	1
NEG_VirB10+1	NEG_VirB10+1|343	106	2	0	1
NEG_VirB10+1	NEG_VirB10+1|344	106	2	0	1
NEG_VirB10+1	NEG_VirB10+1|345	81	0	0	1
NEG_VirB10+1	NEG_VirB10+1|346	103	0	0	1
NEG_VirB10+1	NEG_VirB10+1|347	249	0	0	1
NEG_VirB10+1	NEG_VirB10+1|348	177	0	1	1
NEG_VirB10+1	NEG_VirB10+1|349	111	0	0	1
NEG_VirB10+1	NEG_VirB10+1|350	78	0	0	1
NEG_VirB10+1	NEG_VirB10+1|351	86	0	0	1
NEG_VirB10+1	NEG_VirB10+1|352	86	0	0	1
NEG_VirB10+1	NEG_VirB10+1|353	86	0	0	1
NEG_VirB10+1	NEG_VirB10+1|354	86	0	0	1
NEG_VirB10+1	NEG_VirB10+1|355	80	0	0	1
NEG_VirB10+1	NEG_VirB10+1|356	621	0	0	1
NEG_VirB10+1	NEG_VirB10+1|357	621	0	0	1
NEG_VirB10+1	NEG_VirB10+1|358	80	0	0	1
NEG_VirB10+1	NEG_VirB10+1|359	80	0	0	1
NEG_VirB10+1	NEG_VirB10+1|360	92	0	0	1
NEG_VirB10+1	NEG_VirB10+1|361	81	0	0	1
NEG_VirB10+1	NEG_VirB10+1|362	86	0	0	1
NEG_VirB10+1	NEG_VirB10+1|363	73	0	0	1
NEG_VirB10+1	NEG_VirB10+1|364	111	0	0	1
NEG_VirB10+1	NEG_VirB10+1|365	34	0	0	1
NEG_VirB10+1	NEG_VirB10+1|366	316	0	0	1
NEG_VirB10+1	NEG_VirB10+1|367	66	0	0	1
NEG_VirB10+1	NEG_VirB10+1|368	277	0	0	1
NEG_VirB10+1	NEG_VirB10+1|369	124	0	0	1
NEG_VirB10+1	NEG_VirB10+1|370	123	0	0	1
NEG_VirB10+1	NEG_VirB10+1|371	271	0	0	1
NEG_VirB10+1	NEG_VirB10+1|372	174	1	0	1
NEG_VirB10+1	NEG_VirB10+1|373	174	1	0	1
NEG_VirB10+1	NEG_VirB10+1|374	71	0	0	1
NEG_VirB10+1	NEG_VirB10+1|375	239	0	0	1
NEG_VirB10+1	NEG_VirB10+1|376	102	0	0	1
NEG_VirB10+1	NEG_VirB10+1|377	83	0	0	1
NEG_VirB10+1	NEG_VirB10+1|378	307	0	0	1
NEG_VirB10+1	NEG_VirB10+1|379	307	0	0	1
NEG_VirB10+1	NEG_VirB10+1|380	307	0	0	1
NEG_VirB10+1	NEG_VirB10+1|381	234	0	0	1
NEG_VirB10+1	NEG_VirB10+1|382	234	0	0	1
NEG_VirB10+1	NEG_VirB10+1|383	234	0	0	1
NEG_VirB10+1	NEG_VirB10+1|384	234	0	0	1
NEG_VirB10+1	NEG_VirB10+1|385	234	0	0	1
NEG_VirB10+1	NEG_VirB10+1|386	234	0	0	1
NEG_VirB10+1	NEG_VirB10+1|387	234	0	0	1
NEG_VirB10+1	NEG_VirB10+1|388	234	0	0	1
NEG_VirB10+1	NEG_VirB10+1|389	234	0	0	1
NEG_VirB10+1	NEG_VirB10+1|390	234	0	0	1
NEG_VirB10+1	NEG_VirB10+1|391	234	0	0	1
NEG_VirB10+1	NEG_VirB10+1|392	234	0	0	1
NEG_VirB10+1	NEG_VirB10+1|393	234	0	0	1
NEG_VirB10+1	NEG_VirB10+1|394	234	0	0	1
NEG_VirB10+1	NEG_VirB10+1|395	234	0	0	1
NEG_VirB10+1	NEG_VirB10+1|396	234	0	0	1
NEG_VirB10+1	NEG_VirB10+1|397	234	0	0	1
NEG_VirB10+1	NEG_VirB10+1|398	234	0	0	1
NEG_VirB10+1	NEG_VirB10+1|399	234	0	0	1
NEG_VirB10+1	NEG_VirB10+1|400	234	0	0	1
NEG_VirB10+1	NEG_VirB10+1|401	234	0	0	1
NEG_VirB10+1	NEG_VirB10+1|402	236	0	0	1
NEG_VirB10+1	NEG_VirB10+1|403	234	0	0	1
NEG_VirB10+1	NEG_VirB10+1|404	234	0	0	1
NEG_VirB10+1	NEG_VirB10+1|405	234	0	0	1
NEG_VirB10+1	NEG_VirB10+1|406	234	0	0	1
NEG_VirB10+1	NEG_VirB10+1|407	234	0	0	1
NEG_VirB10+1	NEG_VirB10+1|408	234	0	0	1
NEG_VirB10+1	NEG_VirB10+1|409	234	0	0	1
NEG_VirB10+1	NEG_VirB10+1|410	234	0	0	1
NEG_VirB10+1	NEG_VirB10+1|411	234	0	0	1
NEG_VirB10+1	NEG_VirB10+1|412	234	0	0	1
NEG_VirB10+1	NEG_VirB10+1|413	234	0	0	1
NEG_VirB10+1	NEG_VirB10+1|414	341	0	0	1
NEG_VirB10+1	NEG_VirB10+1|415	71	0	0	1
NEG_VirB10+1	NEG_VirB10+1|416	234	0	0	1
NEG_VirB10+1	NEG_VirB10+1|417	234	0	0	1
NEG_VirB10+1	NEG_VirB10+1|418	207	0	1	1
NEG_VirB10+1	NEG_VirB10+1|419	252	0	0	1
NEG_VirB10+1	NEG_VirB10+1|420	63	0	0	1
NEG_VirB10+1	NEG_VirB10+1|421	268	0	0	1
NEG_VirB10+1	NEG_VirB10+1|422	234	0	0	1
NEG_VirB10+1	NEG_VirB10+1|423	234	0	0	1
NEG_VirB10+1	NEG_VirB10+1|424	234	0	0	1
NEG_VirB10+1	NEG_VirB10+1|425	234	0	0	1
NEG_VirB10+1	NEG_VirB10+1|426	234	0	0	1
NEG_VirB10+1	NEG_VirB10+1|427	82	0	0	1
NEG_VirB10+1	NEG_VirB10+1|428	274	0	0	1
NEG_VirB10+1	NEG_VirB10+1|429	118	0	0	1
NEG_VirB10+1	NEG_VirB10+1|430	52	0	0	1
NEG_VirB10+1	NEG_VirB10+1|431	68	0	0	1
NEG_VirB10+1	NEG_VirB10+1|432	57	0	0	1
NEG_VirB10+1	NEG_VirB10+1|433	160	0	0	1
NEG_VirB10+1	NEG_VirB10+1|434	324	0	0	1
NEG_VirB10+1	NEG_VirB10+1|435	234	0	0	1
NEG_VirB10+1	NEG_VirB10+1|436	250	0	0	1
NEG_VirB10+1	NEG_VirB10+1|437	250	0	0	1
NEG_VirB10+1	NEG_VirB10+1|438	196	0	0	1
NEG_VirB10+1	NEG_VirB10+1|439	196	0	0	1
NEG_VirB10+1	NEG_VirB10+1|440	226	0	0	1
NEG_VirB10+1	NEG_VirB10+1|441	118	0	0	1
NEG_VirB10+1	NEG_VirB10+1|442	124	0	0	1
NEG_VirB10+1	NEG_VirB10+1|443	134	0	0	1
NEG_VirB10+1	NEG_VirB10+1|444	169	0	0	1
NEG_VirB10+1	NEG_VirB10+1|445	341	0	0	1
