family	own_class	kind	n_hits	n_elem	f_own	f_other	f_none	occupancy	pos_entropy	mean_pid	div_ratio	med_offset
TrbK	MPF_T	EEx	248	224	93.14516129032258	0.0	6.854838709677419	2.9182356105433027	1.62637460760344	35.849404989665956	2.6413649405704787	6
TraS_R100	MPF_F	EEx	2820	2794	94.29078014184397	0.14184397163120568	5.567375886524823	25.098920863309353	3.7121398469467297	53.25484727058341	2.9560901223430784	12
ExcA	MPF_I	EEx	3335	3305	98.44077961019491	0.9895052473763118	0.5697151424287856	88.26366559485531	2.2516358083802195	23.390875579634887	0.7650979335609684	-4.0
DUF4467	MPF_FA	EEx	12	10	83.33333333333333	0.0	16.666666666666668	2.0202020202020203	1.7709505944546688	37.38601644001831	2.430236723231887	1.0
Eex_IncN	MPF_T	EEx	5037	4674	96.605122096486	0.0	3.394877903513996	62.61430876815492	3.0335533454658274	18.507723686494078	1.3636391591258816	2.0
EexR/S	MPF_F	EEx	4	4	0.0	0.0	100.0	0.03597122302158273	0.0	99.3006993006993	5.51202062139238	nan
traN	MPF_F	missed	11258	10709	92.21886658376266	0.08882572392965003	7.6923076923076925	96.19604316546763	3.9945821367805	16.82348428334128	0.9338443026734525	5.0
traK	MPF_F	missed	11199	10917	95.65139744620055	0.06250558085543352	4.286096972944013	97.88669064748201	4.068953656740674	22.920988299109734	1.272306852389876	-5
traG	MPF_F	missed	9403	8783	82.20780601935553	0.07444432627884717	17.71774965436563	78.58812949640287	4.145589687259211	36.93490927311703	2.050196856581895	8
T_virB1	MPF_T	machine	9364	8423	58.97052541648868	10.561725758222982	30.46774882528834	73.03657880580957	4.028118508231294	16.397631754148783	1.2081687167828605	-2
T_virB10	MPF_T	machine	7690	7225	88.94668400520156	0.03901170351105332	11.014304291287386	93.03388918773534	3.3070099783769815	13.800759317063333	1.0168325478163573	-4
T_virB11	MPF_T	machine	13941	10304	56.315902732945986	19.63991105372642	24.044186213327595	95.52178590640129	4.405588859644127	12.488152524627763	0.9201203830456056	3
T_virB2	MPF_T	machine	5957	5582	93.01661910357562	0.3861003861003861	6.597280510323989	74.73103819257665	2.1996858399723607	20.927239416068833	1.5419077809649275	1.0
T_virB3	MPF_T	machine	7329	6932	94.31027425296766	0.0	5.6897257470323375	93.14147391070468	1.7666984497832807	20.991356795975708	1.5466319151427772	0.0
T_virB5	MPF_T	machine	3275	3172	95.45038167938931	0.061068702290076333	4.488549618320611	42.38838084991931	2.2970152481718777	13.53598800576986	0.9973243395456469	-1.0
T_virB6	MPF_T	machine	7734	7209	92.6040858546677	1.2283423842772174	6.167571761055082	95.36040882194729	3.410752730280095	13.93984636799097	1.0270804071633537	2
T_virB8	MPF_T	machine	7738	7272	91.31558542258982	0.025846471956577927	8.658568105453606	95.21247982786444	3.259414426511161	12.28009920887143	0.9047911262792344	-2.0
T_virB9	MPF_T	machine	7937	7371	89.71903741967998	0.07559531309058838	10.205367267229432	95.18558364712212	3.32981435764202	15.010375524323235	1.1059564214851993	-3
t4cp1	MPF_T	machine	20859	19952	25.78742988637998	47.399204180449686	26.813365933170335	86.92845615922539	4.885487993031219	13.940473602208984	1.0271266214442731	-7.0
t4cp2	MPF_T	machine	22703	21477	25.802757344844295	44.93238779015989	29.264854864995815	97.14900484131253	4.952950009155599	13.059515819734893	0.9622181243180155	-6
F_traB	MPF_F	machine	11265	10973	95.62361296049711	0.1509098979138926	4.225477141588993	98.27338129496403	4.153335951704992	27.9241518161907	1.550024337488736	-3
F_traE	MPF_F	machine	11370	10953	93.99296394019349	0.08795074758135445	5.919085312225154	97.94964028776978	4.073921917781672	41.77704869210051	2.3189761553889667	-5
F_traF	MPF_F	machine	18025	10819	80.0610263522885	1.4701803051317615	18.46879334257975	94.61330935251799	4.117295370237966	21.393631662534055	1.187525764881801	-4.0
F_traG	MPF_F	machine	9403	8783	82.20780601935553	0.07444432627884717	17.71774965436563	78.58812949640287	4.145589687259211	33.90012415416914	1.8817408610558124	8
F_traH	MPF_F	machine	12837	10539	74.07493962763886	0.0778998208304121	25.84716055153073	94.46942446043165	4.2293460763578095	20.330339437969297	1.1285041395595121	8
F_traK	MPF_F	machine	11199	10917	95.65139744620055	0.06250558085543352	4.286096972944013	97.88669064748201	4.068953656740674	24.21525480625316	1.3441494851929847	-5
F_traL	MPF_F	machine	9406	9076	93.72740803742292	0.106315118009781	6.166276844567298	81.2410071942446	4.181231828257747	33.81040637240876	1.8767607726309432	-6.0
F_traN	MPF_F	machine	11258	10709	92.21886658376266	0.08882572392965003	7.6923076923076925	96.19604316546763	3.9945821367805	18.295841243022036	1.0155724473991539	5.0
F_traU	MPF_F	machine	11158	10821	94.49722172432335	0.06273525721455459	5.44004301846209	97.23021582733813	3.518674599782446	26.025480399287797	1.4446321692873243	3
F_traV	MPF_F	machine	11096	10876	96.37707281903388	0.09913482335976928	3.523792357606345	97.7068345323741	3.8238755606378656	28.41649621223899	1.5773535756809791	-1
F_traW	MPF_F	machine	11071	10820	94.84238099539337	0.06322825399692891	5.094390750609701	97.26618705035972	2.9244058789833174	27.32477098384746	1.516753680472124	2
F_trbC	MPF_F	machine	10976	10740	94.77951895043732	0.05466472303206997	5.165816326530612	96.51079136690647	4.00329587291586	27.193892968490545	1.5094888542965328	3
G_tfc7	MPF_F	machine	1294	1273	82.14837712519319	1.6228748068006182	16.228748068006183	11.151079136690647	3.6424100109852544	51.37112107449705	2.8515275390883206	-14.0
T_virB1	MPF_F	machine	9364	8423	7.827851345578813	61.704399829132846	30.46774882528834	10.377697841726619	4.028118508231294	13.809041544330764	0.7665174796355056	-2
t4cp1	MPF_F	machine	20859	19952	31.87592885564984	41.31070521117983	26.813365933170335	90.65647482014388	4.885487993031219	13.550435013660005	0.7521626509190685	-7.0
t4cp2	MPF_F	machine	22703	21477	29.480685371977273	41.254459763026915	29.264854864995815	95.11690647482014	4.952950009155599	16.036631902383114	0.8901674043194994	-6
I_traE	MPF_I	machine	1914	1863	85.52769070010449	0.4702194357366771	14.00208986415883	49.437299035369776	2.490035874310388	56.472080270207016	1.847159238290427	18.0
I_traI	MPF_I	machine	3727	3669	92.29943654413738	0.8317681781593775	6.868795277703247	98.2583065380493	3.1898885297721367	25.1741409663178	0.8234272020698301	10
I_traK	MPF_I	machine	3481	3460	95.20252800919276	0.8905486929043378	3.9069232979029014	92.65809217577706	3.064309775498958	44.627629804124716	1.4597361790333065	10
I_traL	MPF_I	machine	3356	3339	97.07985697258641	0.8045292014302742	2.1156138259833135	89.41586280814576	2.795091908091337	32.888461158005825	1.075756808860047	8
I_traM	MPF_I	machine	3754	3693	98.02876931273309	0.8257858284496538	1.1454448588172617	98.90139335476957	2.7660490900360126	33.357689745037895	1.0911049227467515	7
I_traN	MPF_I	machine	3746	3697	98.18473037907101	0.8809396689802456	0.9343299519487454	99.06216505894963	2.7273600422348196	35.816892463997064	1.1715435926066058	6
I_traO	MPF_I	machine	3568	3501	98.37443946188341	0.952914798206278	0.672645739910314	93.81028938906752	2.6689884907737387	29.752308354773664	0.9731756112937003	5.0
I_traP	MPF_I	machine	3457	3420	98.78507376337865	0.8678044547295343	0.3471217818918137	91.63987138263666	2.5587180828390683	34.35000895363296	1.123562937126938	4
I_traQ	MPF_I	machine	3918	3372	98.69831546707503	0.8933129147524247	0.40837161817253703	90.35369774919614	2.7013206265786045	31.402182145148544	1.0271417410931016	2.0
I_traR	MPF_I	machine	6091	3352	98.88359875225743	0.7880479395829914	0.3283533081595797	89.81779206859592	2.978831201234993	27.19579129685283	0.8895538626563143	2
I_traT	MPF_I	machine	2383	2349	98.69911875786823	1.0071338648762065	0.2937473772555602	62.942122186495176	1.7916193157954983	30.202461951303533	0.9878997965990978	1.0
I_traV	MPF_I	machine	1851	1843	98.91950297136682	0.6482982171799028	0.4321988114532685	49.330117899249736	0.9729936937222278	85.30874340698809	2.7903847837229305	-1
I_traW	MPF_I	machine	3904	3657	88.72950819672131	0.9733606557377049	10.297131147540984	97.7491961414791	2.198136478149883	38.77227498287403	1.2682119302400905	-1.0
I_traY	MPF_I	machine	3891	3725	91.21048573631457	1.0537136982780777	7.7358005654073505	99.41050375133976	2.485600185584205	24.60895263425532	0.8049403171534629	-3.0
I_trbA	MPF_I	machine	3707	3647	87.56406797949825	0.917183706501214	11.51874831400054	97.18649517684888	4.260701929082004	39.47595899959635	1.2912289047539847	-5.0
I_trbB	MPF_I	machine	4015	3933	77.75840597758406	13.848069738480698	8.393524283935243	90.005359056806	4.503931087466047	20.361200278620007	0.6659995349449996	-3.0
t4cp1	MPF_I	machine	20859	19952	15.413011170238267	57.7736228965914	26.813365933170335	96.16827438370846	4.885487993031219	13.137331735964143	0.42971223242460554	-7.0
t4cp2	MPF_I	machine	22703	21477	14.64123684094613	56.09390829405805	29.264854864995815	99.03536977491962	4.952950009155599	12.940981210580187	0.4232897545351643	-6
FA_orf13	MPF_FA	machine	581	575	65.40447504302927	1.549053356282272	33.04647160068847	79.39393939393939	2.146304626098265	20.470423791715426	1.3306572985266198	-3
FA_orf14	MPF_FA	machine	427	367	75.40983606557377	5.152224824355972	19.437939110070257	65.85858585858585	3.075440812501385	19.28581655583118	1.2536532130052072	-1.5
FA_orf15	MPF_FA	machine	416	405	95.1923076923077	0.2403846153846154	4.5673076923076925	81.61616161616162	2.351181188651855	17.738453241051474	1.1530685690704165	-1
FA_orf17a	MPF_FA	machine	343	339	96.20991253644316	0.0	3.7900874635568513	68.48484848484848	1.5989468626103276	29.99145918668551	1.9495616928252166	1.0
FA_orf17b	MPF_FA	machine	37	36	94.5945945945946	0.0	5.405405405405405	7.2727272727272725	2.158592489772478	15.987176529358733	1.039228759896717	-1
FA_orf19	MPF_FA	machine	185	184	94.5945945945946	0.0	5.405405405405405	37.17171717171717	1.5559721457527895	84.88168271986765	5.51764007289991	3
FA_orf23	MPF_FA	machine	278	144	91.72661870503597	0.0	8.273381294964029	29.09090909090909	1.9837348596435955	43.11380410097862	2.802565236457497	6
t4cp1	MPF_FA	machine	20859	19952	0.11026415456158013	73.07636991226809	26.813365933170335	4.646464646464646	4.885487993031219	17.96830426606967	1.168009781188266	-7.0
t4cp2	MPF_FA	machine	22703	21477	0.8104655772364886	69.92467955776769	29.264854864995815	37.77777777777778	4.952950009155599	16.704917689906207	1.0858847316271112	-6
tcpA	MPF_FA	machine	391	380	58.8235294117647	3.0690537084398977	38.107416879795394	64.04040404040404	2.9727582676198687	21.86526219274593	1.4213272288359085	5.0
