query_idx	aa_len	best_named_family	evalue_3di	assigned
0	189	ExcA	5.552e-02	0
1	108	Eex_IncN	2.729e+00	0
2	217	ExcA	2.156e-01	0
3	217	ExcA	1.291e-01	0
4	217	ExcA	8.592e-02	0
5	217	ExcA	7.455e-02	0
6	217	ExcA	2.754e-01	0
7	218	ExcA	2.812e-01	0
8	217	ExcA	2.920e-01	0
9	217	ExcA	4.000e-01	0
10	410	TraS	9.986e-01	0
11	692	TraS	6.309e-02	0
12	693	TraS	3.686e-02	0
13	693	TraS	3.362e-02	0
14	693	TraS	3.478e-02	0
15	112	TraS	6.609e-01	0
16	303	TraS	1.238e+00	0
17	237	Eex_IncN	4.136e-01	0
18	430	ExcA	9.134e-02	0
19	164	TraS	1.738e+00	0
20	697	TraS	1.375e-01	0
21	296	ExcA	1.498e+00	0
22	296	ExcA	1.040e+00	0
23	296	TrbK_RP4	2.385e+00	0
24	296	TraS	1.893e+00	0
25	296	TraS	1.205e+00	0
26	219	ExcA	3.815e-01	0
27	219	ExcA	3.815e-01	0
28	406	ExcA	1.302e+00	0
29	526	TraS	1.009e+00	0
30	568	ExcA	1.676e-01	0
31	217	ExcA	7.470e-02	0
32	217	ExcA	3.408e-01	0
33	162	Eex_IncN	2.242e-01	0
34	162	Eex_IncN	7.568e-01	0
35	162	Eex_IncN	4.428e-01	0
36	69	TraS	1.652e+00	0
37	61	TrbK_RP4	4.309e+00	0
38	485	TraS	7.122e-01	0
39	160	Eex_IncN	9.314e-01	0
40	162	Eex_IncN	2.773e-01	0
41	130	Eex_IncN	2.468e+00	0
42	112	Eex_IncN	1.671e+00	0
43	165	TraS	1.513e+00	0
44	345	TrbK_RP4	1.907e-09	1
45	107	Eex_IncN	2.769e+00	0
46	298	TrbK_RP4	3.053e-08	1
47	298	TrbK_RP4	2.082e-08	1
48	337	TrbK_RP4	8.647e-10	1
49	349	TrbK_RP4	9.733e-10	1
50	110	Eex_IncN	2.371e+00	0
51	298	TrbK_RP4	1.507e-06	1
52	524	TrbK_RP4	2.253e-20	1
53	64	Eex_IncN	1.569e+00	0
54	64	TraS	1.854e+00	0
55	198	TraS	1.148e-01	0
56	198	TraS	5.256e-02	0
57	198	TraS	3.912e-02	0
58	198	TraS	4.011e-02	0
59	198	TraS	4.528e-02	0
60	198	TraS	5.405e-02	0
61	198	TraS	6.003e-02	0
62	321	TrbK_RP4	5.416e-08	1
63	321	TrbK_RP4	5.202e-08	1
64	321	TrbK_RP4	4.500e-08	1
65	317	TrbK_RP4	1.330e-07	1
66	321	TrbK_RP4	5.693e-08	1
67	321	TrbK_RP4	4.500e-08	1
68	346	TrbK_RP4	1.366e-08	1
69	344	TrbK_RP4	7.172e-08	1
70	371	TrbK_RP4	1.477e-08	1
71	369	TrbK_RP4	1.560e-08	1
72	364	TrbK_RP4	1.354e-08	1
73	216	TraS	3.392e-02	0
74	216	TraS	3.323e-02	0
75	216	TraS	6.164e-03	1
76	216	TraS	1.259e-02	1
77	216	TraS	2.582e-02	0
78	133	TraS	2.550e+00	0
79	312	TrbK_RP4	1.240e-07	1
80	123	Eex_IncN	3.573e+00	0
81	321	TrbK_RP4	5.720e-09	1
82	311	TrbK_RP4	2.281e-06	1
83	312	TrbK_RP4	1.761e-06	1
84	312	TrbK_RP4	1.927e-06	1
85	327	TrbK_RP4	3.119e-08	1
86	400	ExcA	4.745e-01	0
87	64	TraS	2.092e+00	0
88	619	TraS	1.515e-01	0
89	330	TrbK_RP4	3.994e-08	1
90	313	TrbK_RP4	1.493e-07	1
91	228	TraS	5.896e-03	1
92	315	TrbK_RP4	2.824e-07	1
93	190	TraS	5.018e-02	0
94	190	TraS	2.610e-02	0
95	71	ExcA	5.933e-01	0
96	308	TrbK_RP4	5.178e-06	1
97	225	ExcA	1.974e-01	0
98	305	ExcA	5.320e-02	0
99	361	TrbK_RP4	8.690e-09	1
100	384	TrbK_RP4	6.836e-14	1
101	869	TrbK_RP4	1.532e-01	0
102	64	TraS	2.080e+00	0
103	160	Eex_IncN	5.677e-01	0
104	68	TrbK_RP4	8.103e-01	0
105	261	ExcA	1.496e-01	0
106	93	Eex_IncN	5.281e+00	0
107	93	Eex_IncN	6.826e+00	0
108	110	TraS	1.528e+00	0
109	160	Eex_IncN	6.124e-01	0
110	129	Eex_IncN	1.967e+00	0
111	133	TrbK_RP4	1.893e+00	0
112	133	TraS	1.627e+00	0
113	133	TraS	1.085e+00	0
114	336	TrbK_RP4	1.706e-08	1
115	191	TraS	9.481e-02	0
116	429	TrbK_RP4	2.393e-01	0
117	429	TrbK_RP4	2.132e-01	0
118	195	Eex_IncN	1.029e+00	0
119	195	Eex_IncN	8.729e-01	0
120	258	TraS	7.808e-01	0
121	429	TrbK_RP4	4.101e-01	0
122	429	TrbK_RP4	5.024e-01	0
123	429	TrbK_RP4	4.986e-01	0
124	429	TrbK_RP4	4.836e-01	0
125	264	TraS	5.664e-01	0
126	429	TrbK_RP4	3.809e-01	0
127	160	Eex_IncN	6.461e-01	0
128	429	TrbK_RP4	3.036e-01	0
129	137	Eex_IncN	1.001e+00	0
130	121	Eex_IncN	8.575e-01	0
131	429	TrbK_RP4	5.484e-01	0
132	429	TraS	6.823e-01	0
133	31	Eex_IncN	4.422e+00	0
134	189	TraS	1.778e-02	1
135	189	TraS	2.417e-02	0
136	284	TrbK_RP4	8.942e-02	0
137	320	TrbK_RP4	2.567e-07	1
138	319	TrbK_RP4	2.982e-07	1
139	364	TrbK_RP4	3.557e-08	1
140	364	TrbK_RP4	2.013e-08	1
141	364	TrbK_RP4	2.090e-08	1
142	157	TrbK_RP4	8.295e-02	0
143	364	TrbK_RP4	2.247e-08	1
144	364	TrbK_RP4	2.204e-08	1
145	397	TrbK_RP4	1.802e-09	1
146	364	TrbK_RP4	2.649e-08	1
147	364	TrbK_RP4	2.204e-08	1
148	288	TrbK_RP4	2.369e-07	1
149	286	TrbK_RP4	2.551e-07	1
150	226	TrbK_RP4	9.201e-06	1
151	187	TrbK_RP4	1.175e-02	1
152	364	TrbK_RP4	1.158e-08	1
153	364	TrbK_RP4	9.292e-09	1
154	383	TrbK_RP4	3.795e-08	1
155	588	Eex_IncN	2.677e+00	0
156	580	Eex_IncN	4.172e-01	0
157	83	ExcA	9.771e-01	0
158	418	TraS	1.498e+00	0
159	218	TraS	1.722e-01	0
160	51	Eex_IncN	1.008e+00	0
161	129	TraS	2.784e+00	0
162	365	TraS	3.930e+00	0
163	217	ExcA	1.669e-01	0
164	403	TrbK_RP4	7.235e-09	1
165	355	TraS	2.626e+00	0
166	189	TraS	2.604e-02	0
167	355	TraS	9.125e-01	0
168	355	TraS	7.084e-01	0
169	355	TraS	9.391e-01	0
170	80	Eex_IncN	1.763e+00	0
171	48	Eex_IncN	2.697e+00	0
172	355	TraS	8.782e-01	0
173	356	TraS	2.888e-01	0
174	353	TraS	1.464e+00	0
175	355	TraS	1.384e+00	0
176	356	TraS	1.274e+00	0
177	356	TraS	1.079e+00	0
178	201	TraS	2.321e+00	0
179	199	ExcA	1.809e+00	0
180	199	ExcA	2.205e+00	0
181	314	TrbK_RP4	8.645e-07	1
182	288	TraS	1.868e+00	0
183	549	TrbK_RP4	1.660e-25	1
184	71	TrbK_RP4	2.273e+00	0
185	71	TrbK_RP4	6.675e-01	0
186	314	TrbK_RP4	3.195e-07	1
187	86	Eex_IncN	1.612e+00	0
188	320	TrbK_RP4	2.187e-08	1
189	351	TrbK_RP4	8.665e-10	1
190	72	Eex_IncN	6.867e+00	0
191	370	TrbK_RP4	3.958e-01	0
192	148	TrbK_RP4	2.912e+00	0
193	754	TrbK_RP4	3.721e-02	0
194	198	TraS	1.807e-02	1
195	203	ExcA	4.750e-01	0
196	402	TraS	2.162e+00	0
197	402	TraS	2.162e+00	0
198	81	ExcA	8.551e-01	0
199	370	TrbK_RP4	2.063e-14	1
200	99	ExcA	1.982e+00	0
201	83	Eex_IncN	3.614e-01	0
202	99	Eex_IncN	1.163e+00	0
203	158	ExcA	4.150e-01	0
204	147	Eex_IncN	2.125e+00	0
205	147	Eex_IncN	2.125e+00	0
206	148	TraS	2.102e+00	0
207	132	Eex_IncN	3.553e+00	0
208	149	TraS	1.263e+00	0
209	159	Eex_IncN	2.203e+00	0
210	125	ExcA	3.194e-01	0
211	514	TrbK_RP4	1.107e-17	1
212	381	TrbK_RP4	1.000e-12	1
213	104	Eex_IncN	5.283e-02	0
214	95	Eex_IncN	3.355e-02	0
215	95	Eex_IncN	7.006e-02	0
216	95	Eex_IncN	2.271e-02	0
217	95	Eex_IncN	2.119e-02	0
218	95	Eex_IncN	4.789e-02	0
219	120	Eex_IncN	1.272e-02	1
220	95	Eex_IncN	2.067e-02	1
221	88	Eex_IncN	5.614e-02	0
222	111	Eex_IncN	3.823e-02	0
223	105	Eex_IncN	8.268e-02	0
224	105	Eex_IncN	4.762e-02	0
225	125	Eex_IncN	1.419e-02	1
226	105	Eex_IncN	1.738e-01	0
227	105	Eex_IncN	1.534e-01	0
228	101	Eex_IncN	2.535e-02	0
229	101	Eex_IncN	3.206e-02	0
230	105	Eex_IncN	2.082e-01	0
231	175	TraS	1.852e-04	1
232	175	TraS	2.445e-04	1
233	334	TrbK_RP4	7.627e-08	1
234	334	TrbK_RP4	7.500e-08	1
235	341	TrbK_RP4	2.341e-07	1
236	315	TrbK_RP4	1.056e-07	1
237	340	TrbK_RP4	1.124e-07	1
238	338	TrbK_RP4	2.704e-07	1
239	340	TrbK_RP4	1.596e-07	1
240	361	TrbK_RP4	1.535e-07	1
241	153	Eex_IncN	1.196e+00	0
242	178	TraS	3.225e-03	1
243	178	TraS	2.424e-03	1
244	178	TraS	1.019e-03	1
245	178	TraS	6.173e-03	1
246	144	Eex_IncN	1.678e+00	0
247	121	Eex_IncN	2.556e-02	0
248	366	TrbK_RP4	9.145e-09	1
249	485	TrbK_RP4	8.755e-17	1
250	175	TraS	3.125e-02	0
251	163	Eex_IncN	6.194e-01	0
252	358	ExcA	3.378e-01	0
253	196	TraS	2.346e-01	0
254	490	TrbK_RP4	1.008e-11	1
255	492	TrbK_RP4	8.013e-12	1
256	492	TrbK_RP4	4.955e-12	1
257	493	TrbK_RP4	1.663e-11	1
258	492	TrbK_RP4	1.530e-11	1
259	345	TrbK_RP4	1.260e-08	1
260	344	ExcA	1.497e+00	0
261	191	TraS	7.537e-01	0
262	95	Eex_IncN	2.691e-02	0
263	668	TrbK_RP4	1.586e-01	0
264	177	TraS	3.242e-01	0
265	140	TrbK_RP4	4.038e+00	0
266	332	TrbK_RP4	1.865e-07	1
267	404	TrbK_RP4	2.904e-11	1
268	406	TrbK_RP4	2.973e-12	1
269	334	TrbK_RP4	3.751e-08	1
270	311	TrbK_RP4	1.984e-07	1
271	305	TrbK_RP4	1.110e-07	1
272	121	Eex_IncN	7.390e+00	0
273	338	TrbK_RP4	1.390e-08	1
274	341	TrbK_RP4	1.549e-09	1
275	342	TrbK_RP4	2.594e-09	1
276	342	TrbK_RP4	6.573e-09	1
277	314	TrbK_RP4	3.316e-07	1
278	314	TrbK_RP4	3.186e-07	1
279	95	Eex_IncN	2.727e-01	0
280	95	Eex_IncN	1.559e-01	0
281	119	Eex_IncN	4.409e-03	1
282	95	Eex_IncN	2.979e-02	0
283	96	Eex_IncN	3.534e-02	0
284	100	Eex_IncN	2.016e-02	1
285	49	Eex_IncN	3.850e+00	0
286	70	Eex_IncN	1.982e+00	0
287	236	TraS	8.874e+00	0
288	384	TrbK_RP4	4.833e-01	0
289	384	TrbK_RP4	8.333e-01	0
290	331	TrbK_RP4	1.191e-08	1
291	645	TraS	4.040e-02	0
292	246	ExcA	1.539e-01	0
293	623	ExcA	7.087e-01	0
294	95	TraS	7.949e-04	1
295	308	TrbK_RP4	6.914e-08	1
296	308	TrbK_RP4	1.512e-07	1
297	184	TraS	2.611e-01	0
298	141	Eex_IncN	2.716e-01	0
299	141	Eex_IncN	3.232e-01	0
300	341	TrbK_RP4	5.473e-09	1
301	189	TraS	2.045e-01	0
302	189	TraS	4.033e-02	0
303	29	TraS	7.835e+00	0
304	141	TraS	5.076e-02	0
305	141	TraS	6.769e-02	0
306	80	ExcA	3.637e-01	0
307	181	TraS	1.473e+00	0
308	120	ExcA	1.777e+00	0
309	342	TrbK_RP4	3.125e-08	1
310	308	TrbK_RP4	2.804e-08	1
311	47	Eex_IncN	3.529e+00	0
312	303	TraS	2.738e-04	1
313	170	Eex_IncN	2.550e-01	0
314	435	TrbK_RP4	1.725e-10	1
315	195	Eex_IncN	1.079e+00	0
316	316	TrbK_RP4	1.985e-08	1
317	318	TrbK_RP4	6.419e-08	1
318	349	TrbK_RP4	4.723e-09	1
319	349	TrbK_RP4	1.675e-09	1
320	348	TrbK_RP4	8.131e-09	1
321	165	Eex_IncN	1.230e+00	0
322	165	Eex_IncN	1.564e+00	0
323	165	Eex_IncN	2.756e-01	0
324	153	Eex_IncN	1.333e+00	0
325	140	ExcA	1.671e+00	0
326	763	ExcA	4.661e-02	0
327	321	Eex_IncN	5.265e-01	0
328	121	ExcA	5.067e-02	0
329	115	ExcA	2.434e-02	0
330	115	ExcA	3.455e-02	0
331	115	ExcA	3.341e-02	0
332	114	ExcA	1.719e-02	1
333	115	ExcA	2.118e-02	0
334	114	ExcA	1.799e-02	1
335	117	ExcA	2.534e-02	0
336	117	ExcA	1.592e-01	0
337	117	ExcA	3.340e-01	0
338	117	ExcA	1.038e-01	0
339	121	ExcA	4.329e-01	0
340	121	ExcA	2.802e-01	0
341	117	ExcA	3.885e-01	0
342	117	ExcA	5.423e-01	0
343	117	ExcA	4.645e-01	0
344	117	ExcA	4.206e-01	0
345	117	ExcA	2.772e-01	0
346	117	ExcA	3.299e-01	0
347	117	ExcA	4.484e-01	0
348	117	ExcA	1.044e-01	0
349	117	ExcA	3.104e-01	0
350	117	ExcA	5.779e-01	0
351	121	ExcA	1.762e-01	0
352	117	ExcA	2.867e-01	0
353	117	ExcA	5.934e-01	0
354	117	ExcA	4.457e-01	0
355	117	ExcA	3.660e-01	0
356	117	ExcA	1.124e-01	0
357	117	ExcA	9.938e-02	0
358	117	ExcA	4.483e-01	0
359	80	Eex_IncN	4.517e-01	0
360	317	TrbK_RP4	3.044e-08	1
361	105	TraS	1.536e+00	0
362	393	TrbK_RP4	2.973e-14	1
363	627	TrbK_RP4	2.962e-19	1
364	290	TraS	5.101e-02	0
365	143	Eex_IncN	1.570e+00	0
366	234	ExcA	1.530e-01	0
367	232	ExcA	3.121e-01	0
368	161	ExcA	1.917e+00	0
369	232	ExcA	5.460e-01	0
370	232	ExcA	5.202e-01	0
371	229	ExcA	3.422e-01	0
372	151	ExcA	1.350e+00	0
373	115	Eex_IncN	9.592e-01	0
374	519	TraS	2.699e+00	0
375	388	Eex_IncN	3.927e+00	0
376	397	Eex_IncN	4.203e+00	0
377	644	TraS	1.107e+00	0
378	456	ExcA	1.250e+00	0
379	30	ExcA	7.937e+00	0
380	196	TraS	1.043e-02	1
381	83	Eex_IncN	7.471e-02	0
382	112	Eex_IncN	3.742e-01	0
383	312	Eex_IncN	1.844e+00	0
384	343	TrbK_RP4	3.492e-08	1
385	41	Eex_IncN	7.870e-01	0
386	48	Eex_IncN	7.480e+00	0
387	456	TraS	9.330e-01	0
388	496	TraS	3.558e-02	0
389	109	TraS	3.548e-01	0
390	631	TraS	6.939e-02	0
391	315	ExcA	1.055e+00	0
392	315	ExcA	1.092e+00	0
393	59	TrbK_RP4	1.159e+00	0
394	107	ExcA	7.488e+00	0
395	422	TrbK_RP4	1.404e-07	1
396	422	TrbK_RP4	1.441e-07	1
397	395	TrbK_RP4	2.255e-08	1
398	91	ExcA	7.965e-01	0
399	368	TrbK_RP4	1.902e-06	1
400	368	TrbK_RP4	5.199e-07	1
401	368	TrbK_RP4	5.145e-07	1
402	368	TrbK_RP4	2.098e-06	1
403	353	TrbK_RP4	6.365e-07	1
404	136	ExcA	3.435e-01	0
405	191	TraS	1.808e-02	1
406	189	TraS	2.963e-02	0
407	148	TraS	4.730e-01	0
408	334	TrbK_RP4	1.315e-07	1
409	189	TraS	1.209e-02	1
410	116	ExcA	9.697e-02	0
411	458	TrbK_RP4	4.154e-01	0
412	142	Eex_IncN	1.641e+00	0
413	113	TrbK_RP4	1.012e-01	0
414	400	TrbK_RP4	7.618e-17	1
415	74	TrbK_RP4	7.763e-01	0
416	310	TraS	7.021e-01	0
417	310	TraS	1.384e+00	0
418	309	Eex_IncN	1.684e+00	0
419	309	TraS	1.344e+00	0
420	309	TraS	1.269e+00	0
421	310	TraS	1.460e+00	0
422	311	TraS	7.340e-01	0
423	175	TraS	2.422e+00	0
424	125	ExcA	2.974e+00	0
425	362	TraS	4.630e-01	0
426	342	TrbK_RP4	2.109e-09	1
427	342	TrbK_RP4	1.774e-09	1
428	342	TrbK_RP4	6.033e-09	1
429	342	TrbK_RP4	3.408e-09	1
430	346	TrbK_RP4	4.831e-10	1
431	345	TrbK_RP4	8.529e-10	1
432	95	Eex_IncN	2.481e-02	0
433	285	TrbK_RP4	4.207e-06	1
434	489	TrbK_RP4	5.449e-02	0
435	425	Eex_IncN	2.448e+00	0
436	234	TraS	4.645e-01	0
437	52	ExcA	5.354e+00	0
438	491	TrbK_RP4	2.116e-01	0
439	121	Eex_IncN	6.360e-01	0
440	271	ExcA	6.551e-01	0
441	134	TraS	1.228e-01	0
442	137	TraS	1.138e-01	0
443	100	ExcA	7.737e-01	0
444	401	TraS	1.942e-02	1
445	298	TraS	1.619e-02	1
446	697	TraS	1.166e-01	0
447	697	TraS	1.173e-01	0
448	295	TraS	2.077e-02	1
449	1008	ExcA	2.942e+00	0
450	141	Eex_IncN	2.011e+00	0
451	554	TraS	9.020e-01	0
452	115	TraS	1.539e-01	0
453	64	Eex_IncN	9.992e-01	0
454	132	TrbK_RP4	4.150e+00	0
455	233	TraS	1.467e-04	1
456	174	TraS	2.017e-01	0
457	93	ExcA	3.554e-01	0
458	166	ExcA	1.366e-01	0
459	165	ExcA	8.213e-02	0
460	42	Eex_IncN	1.549e+00	0
461	42	Eex_IncN	2.072e+00	0
462	258	ExcA	1.647e-01	0
463	149	ExcA	3.011e-01	0
464	192	TraS	1.223e-01	0
465	165	ExcA	9.641e-02	0
466	428	Eex_IncN	1.787e+00	0
467	73	TrbK_RP4	1.102e+00	0
468	81	ExcA	2.364e+00	0
469	175	TraS	1.592e-03	1
470	71	TraS	1.504e+00	0
471	218	TraS	1.123e-01	0
472	218	TraS	1.138e-01	0
473	218	TraS	2.671e-02	0
474	218	TraS	2.404e-02	0
475	42	Eex_IncN	2.105e+00	0
476	524	ExcA	1.911e+00	0
477	114	Eex_IncN	5.113e-01	0
478	272	TraS	6.976e-01	0
479	167	Eex_IncN	5.522e-01	0
480	131	Eex_IncN	4.537e-01	0
481	131	TraS	7.990e-02	0
482	80	TrbK_RP4	1.678e+00	0
483	87	TraS	1.019e+00	0
484	175	TraS	1.490e-02	1
485	705	TraS	1.352e+00	0
486	263	TraS	9.237e-01	0
487	172	TraS	4.693e-03	1
488	167	TraS	3.152e-02	0
489	180	TraS	5.473e-04	1
490	175	TraS	1.490e-02	1
491	47	ExcA	3.526e+00	0
492	169	TraS	4.050e-03	1
493	169	TraS	6.921e-03	1
494	54	TraS	9.752e+00	0
495	177	TraS	3.897e-05	1
496	169	TraS	9.315e-03	1
497	169	TraS	1.911e-02	1
498	169	TraS	1.343e-02	1
499	169	TraS	2.654e-03	1
500	43	TraS	3.691e+00	0
501	57	ExcA	3.551e+00	0
502	169	TraS	4.702e-03	1
503	89	ExcA	7.949e-01	0
504	147	TraS	2.219e-01	0
505	169	TraS	1.519e-01	0
506	169	TraS	6.968e-03	1
507	169	TraS	2.128e-02	0
508	96	Eex_IncN	1.106e+00	0
509	169	TraS	7.126e-03	1
510	169	TraS	1.003e-02	1
511	169	TraS	7.813e-03	1
512	151	TraS	1.546e-01	0
513	169	TraS	1.179e-02	1
514	151	TraS	1.295e-02	1
515	151	TraS	5.138e-02	0
516	169	TraS	1.506e-02	1
517	169	TraS	6.968e-03	1
518	417	TraS	4.635e-45	1
519	169	TraS	8.415e-03	1
520	169	TraS	9.997e-03	1
521	146	TraS	1.646e-01	0
522	169	TraS	7.492e-03	1
523	169	TraS	7.926e-03	1
524	169	TraS	5.402e-03	1
525	169	TraS	1.205e-02	1
526	63	TraS	6.268e-01	0
527	169	TraS	7.997e-03	1
528	151	TraS	1.775e-02	1
529	46	TraS	3.689e+00	0
530	169	TraS	9.673e-03	1
531	169	TraS	5.951e-03	1
532	29	ExcA	2.260e+00	0
533	169	TraS	2.020e-02	1
534	169	TraS	4.032e-02	0
535	69	ExcA	1.712e+00	0
536	169	TraS	5.712e-03	1
537	169	TraS	7.749e-03	1
538	169	TraS	2.721e-03	1
539	133	TraS	6.909e-02	0
540	169	TraS	5.040e-03	1
541	169	TraS	6.400e-03	1
542	157	TraS	3.171e-01	0
543	169	TraS	3.972e-03	1
544	169	TraS	1.231e-02	1
545	169	TraS	3.494e-03	1
546	169	TraS	7.907e-02	0
547	169	TraS	2.029e-03	1
548	170	TraS	6.068e-03	1
549	169	TraS	4.602e-03	1
550	169	TraS	3.435e-03	1
551	169	TraS	6.659e-03	1
552	169	TraS	3.521e-03	1
553	169	TraS	5.135e-03	1
554	169	TraS	5.314e-03	1
555	169	TraS	2.091e-02	1
556	169	TraS	4.485e-02	0
557	169	TraS	7.343e-03	1
558	169	TraS	5.755e-03	1
559	169	TraS	8.291e-03	1
560	169	TraS	1.541e-02	1
561	169	TraS	1.816e-02	1
562	169	TraS	4.161e-03	1
563	169	TraS	6.968e-03	1
564	169	TraS	7.013e-03	1
565	130	Eex_IncN	1.875e+00	0
566	171	TraS	1.621e-02	1
567	171	TraS	2.432e-02	0
568	181	TraS	4.327e-03	1
569	182	TraS	2.562e-04	1
570	182	TraS	1.315e-04	1
571	182	TraS	2.438e-04	1
572	182	TraS	2.694e-04	1
573	182	TraS	1.760e-04	1
574	181	TraS	1.070e-04	1
575	181	TraS	3.083e-03	1
576	175	TraS	7.093e-03	1
577	169	TraS	4.625e-03	1
578	190	TraS	4.113e-03	1
579	190	TraS	1.830e-03	1
580	237	TraS	1.116e-03	1
581	173	TraS	4.540e-03	1
582	109	ExcA	3.909e-01	0
583	173	TraS	3.655e-03	1
584	173	TraS	6.204e-03	1
585	173	TraS	5.028e-03	1
586	173	TraS	1.043e-02	1
587	173	TraS	5.056e-03	1
588	167	TraS	5.398e-03	1
589	173	TraS	1.019e-02	1
590	168	TraS	3.512e-03	1
591	173	TraS	2.768e-03	1
592	173	TraS	7.830e-03	1
593	173	TraS	6.196e-03	1
594	173	TraS	5.504e-03	1
595	173	TraS	4.883e-03	1
596	173	TraS	4.385e-03	1
597	173	TraS	5.704e-03	1
598	167	TraS	2.983e-03	1
599	167	TraS	3.046e-03	1
600	167	TraS	4.442e-03	1
601	173	TraS	1.367e-02	1
602	173	TraS	5.028e-03	1
603	167	TraS	8.009e-03	1
604	167	TraS	4.191e-03	1
605	172	TraS	1.556e-02	1
606	80	Eex_IncN	5.596e-01	0
607	538	TrbK_RP4	2.156e-27	1
608	62	TrbK_RP4	1.193e+00	0
609	176	TraS	5.289e-02	0
610	269	TrbK_RP4	8.546e-02	0
611	70	TrbK_RP4	8.667e-01	0
612	70	TrbK_RP4	6.057e-01	0
613	70	TrbK_RP4	3.606e-01	0
614	117	ExcA	3.355e-01	0
615	71	TrbK_RP4	1.461e+00	0
616	189	Eex_IncN	8.849e-01	0
617	70	TraS	9.699e-01	0
618	70	TrbK_RP4	8.997e-01	0
619	70	Eex_IncN	1.433e+00	0
620	70	TrbK_RP4	8.330e-01	0
621	239	TraS	1.220e+00	0
622	251	TraS	6.873e-01	0
623	151	TraS	7.371e-01	0
624	335	TrbK_RP4	1.198e-07	1
625	325	TrbK_RP4	8.674e-08	1
626	251	TraS	7.195e-01	0
627	59	TrbK_RP4	1.605e+00	0
628	62	TraS	1.070e+00	0
629	69	TrbK_RP4	5.099e-01	0
630	69	TrbK_RP4	4.177e-01	0
631	253	Eex_IncN	2.546e-01	0
632	78	Eex_IncN	1.116e-01	0
633	167	TraS	1.760e-03	1
634	167	TraS	9.718e-04	1
635	167	TraS	3.348e-04	1
636	167	TraS	1.114e-03	1
637	104	ExcA	5.508e-02	0
638	519	TrbK_RP4	1.157e-32	1
639	519	TrbK_RP4	2.148e-33	1
640	519	TrbK_RP4	2.402e-33	1
641	519	TrbK_RP4	4.106e-33	1
642	519	TrbK_RP4	3.993e-33	1
643	519	TrbK_RP4	1.357e-32	1
644	411	TrbK_RP4	7.807e-29	1
645	517	TrbK_RP4	7.824e-33	1
646	519	TrbK_RP4	3.622e-33	1
647	53	TrbK_RP4	7.269e-01	0
648	70	TrbK_RP4	1.517e-01	0
649	206	ExcA	6.752e-01	0
650	206	ExcA	9.753e-01	0
651	91	Eex_IncN	2.514e+00	0
652	172	Eex_IncN	1.420e+00	0
653	176	Eex_IncN	1.053e+00	0
654	69	TrbK_RP4	2.624e+00	0
655	127	Eex_IncN	1.900e-01	0
656	127	Eex_IncN	2.774e-01	0
657	215	Eex_IncN	2.151e-01	0
658	71	TrbK_RP4	3.962e-01	0
659	238	TraS	7.776e-01	0
660	127	Eex_IncN	1.381e-02	1
661	69	TrbK_RP4	1.116e+00	0
662	69	TrbK_RP4	8.743e-01	0
663	72	TrbK_RP4	1.036e+00	0
664	72	TrbK_RP4	1.073e+00	0
665	72	TrbK_RP4	2.442e+00	0
666	72	TrbK_RP4	1.209e+00	0
667	177	ExcA	2.089e-01	0
668	172	ExcA	1.611e-01	0
669	178	ExcA	2.977e-01	0
670	66	TrbK_RP4	6.468e-01	0
671	69	TrbK_RP4	2.179e-01	0
672	62	TrbK_RP4	8.738e-01	0
673	395	TrbK_RP4	1.350e-10	1
674	144	TraS	4.202e-02	0
675	117	Eex_IncN	1.109e-01	0
676	529			0
677	191	TraS	1.975e-01	0
678	194	TraS	2.297e-01	0
679	179	TraS	2.245e-01	0
680	179	TraS	1.099e-01	0
681	112	ExcA	4.030e-01	0
682	473	ExcA	9.900e-01	0
683	42	Eex_IncN	2.372e+00	0
684	62	ExcA	1.476e+00	0
685	257	Eex_IncN	1.151e+00	0
686	109	TrbK_RP4	7.295e-01	0
687	59	TrbK_RP4	3.329e-01	0
688	63	TrbK_RP4	2.140e+00	0
689	153	Eex_IncN	1.062e+00	0
690	153	Eex_IncN	1.178e+00	0
691	153	Eex_IncN	1.370e+00	0
692	153	Eex_IncN	1.745e+00	0
693	153	Eex_IncN	1.795e+00	0
694	176	Eex_IncN	5.925e-01	0
695	176	Eex_IncN	5.955e-01	0
696	176	Eex_IncN	6.315e-01	0
697	178	Eex_IncN	6.538e-01	0
698	178	Eex_IncN	4.079e-01	0
699	178	Eex_IncN	1.078e+00	0
700	178	Eex_IncN	6.864e-01	0
701	176	Eex_IncN	1.081e+00	0
702	177	Eex_IncN	8.052e-01	0
703	177	Eex_IncN	9.877e-01	0
704	177	Eex_IncN	1.878e+00	0
705	177	Eex_IncN	7.534e-01	0
706	176	Eex_IncN	8.585e-01	0
707	178	Eex_IncN	4.618e-01	0
708	176	Eex_IncN	5.897e-01	0
709	177	Eex_IncN	3.995e-01	0
710	79	Eex_IncN	2.327e+00	0
711	262	Eex_IncN	3.633e-01	0
712	261	Eex_IncN	5.489e-01	0
713	436	ExcA	5.951e-02	0
714	436	ExcA	1.290e-01	0
715	114	ExcA	9.406e-02	0
716	114	ExcA	1.161e-01	0
717	117	ExcA	1.998e-02	1
718	114	ExcA	8.875e-02	0
719	114	ExcA	1.220e-01	0
720	114	ExcA	1.178e-01	0
721	114	ExcA	1.699e-01	0
722	534	TrbK_RP4	3.913e-26	1
723	535	TrbK_RP4	4.363e-26	1
724	535	TrbK_RP4	3.630e-26	1
725	535	TrbK_RP4	1.113e-25	1
726	535	TrbK_RP4	8.514e-26	1
727	106	ExcA	1.737e-01	0
728	72	Eex_IncN	2.600e-02	0
729	72	Eex_IncN	3.560e-02	0
730	69	Eex_IncN	6.245e-02	0
731	78	TrbK_RP4	4.453e-02	0
732	78	Eex_IncN	5.196e-02	0
733	79	Eex_IncN	3.279e-02	0
734	81	Eex_IncN	1.775e-03	1
735	111	TraS	1.605e+00	0
736	61	TraS	2.832e+00	0
737	130	ExcA	2.081e+00	0
738	377	TrbK_RP4	1.332e-01	0
739	123	Eex_IncN	3.928e-02	0
740	87	Eex_IncN	6.175e-01	0
741	87	Eex_IncN	6.175e-01	0
742	87	Eex_IncN	5.398e-01	0
743	206	TraS	2.549e+00	0
744	191	Eex_IncN	1.027e+00	0
745	100	Eex_IncN	4.588e-01	0
746	185	TraS	9.904e-02	0
747	169	ExcA	6.438e-01	0
748	72	Eex_IncN	5.649e-02	0
749	71	Eex_IncN	9.979e-03	1
750	73	Eex_IncN	7.949e-03	1
751	74	Eex_IncN	3.713e-02	0
752	177	Eex_IncN	1.312e+00	0
753	178	Eex_IncN	8.633e-01	0
754	436	ExcA	2.233e-01	0
755	436	ExcA	1.535e-01	0
756	149	Eex_IncN	4.275e-01	0
757	62	TraS	2.185e+00	0
758	62	TrbK_RP4	2.524e+00	0
759	62	TraS	3.511e+00	0
760	62	TrbK_RP4	4.482e+00	0
761	62	TrbK_RP4	4.269e+00	0
762	42	TrbK_RP4	3.128e+00	0
763	54	TrbK_RP4	9.735e-01	0
764	72	TraS	2.019e-01	0
765	108	TraS	6.124e+00	0
766	41	Eex_IncN	1.999e+00	0
767	66	Eex_IncN	6.889e-01	0
768	66	Eex_IncN	6.972e-01	0
769	66	TrbK_RP4	2.343e-01	0
770	66	TrbK_RP4	2.415e-01	0
771	66	TrbK_RP4	8.219e-01	0
772	243	TraS	5.688e-47	1
773	243	TraS	1.266e-46	1
774	61	TraS	3.025e+00	0
775	137	TraS	3.116e-01	0
776	166	TraS	1.862e-01	0
777	263	TraS	2.424e+00	0
778	53	TraS	1.814e+00	0
779	53	Eex_IncN	8.624e-01	0
780	69	TrbK_RP4	1.127e+00	0
781	123	Eex_IncN	4.629e-01	0
782	145	Eex_IncN	1.391e+00	0
783	186	Eex_IncN	3.748e-01	0
784	186	Eex_IncN	2.961e-01	0
785	186	Eex_IncN	1.007e+00	0
786	69	TrbK_RP4	2.939e-01	0
787	263	TrbK_RP4	3.046e-01	0
788	264	TrbK_RP4	3.824e-01	0
789	55	Eex_IncN	2.173e+00	0
790	108	ExcA	6.344e-02	0
791	885	Eex_IncN	1.487e+00	0
792	189	TraS	1.653e-01	0
793	111	TraS	1.252e+00	0
794	195	ExcA	7.443e-01	0
795	195	TraS	8.349e-01	0
796	67	TraS	3.296e-01	0
797	525	Eex_IncN	1.408e+00	0
798	82	TraS	1.293e+00	0
799	83	ExcA	1.366e+00	0
800	83	TraS	1.016e+00	0
801	83	TraS	6.562e-01	0
802	83	TraS	1.096e+00	0
803	191	TraS	2.410e-03	1
804	77	Eex_IncN	2.430e-01	0
805	392	TrbK_RP4	1.678e-14	1
806	271	Eex_IncN	1.439e+00	0
807	271	Eex_IncN	1.612e+00	0
808	665	TrbK_RP4	9.259e-01	0
809	192	TraS	4.247e-03	1
810	192	TraS	1.886e-01	0
811	192	TraS	6.217e-02	0
812	192	TraS	5.300e-02	0
813	192	TraS	3.042e-02	0
814	667	TraS	6.121e-01	0
815	71	TraS	2.250e-01	0
816	71	TraS	2.474e-01	0
817	71	TraS	5.162e-01	0
818	62	TrbK_RP4	1.008e+00	0
819	62	TraS	1.569e+00	0
820	145	Eex_IncN	8.099e-01	0
821	140	Eex_IncN	1.175e-01	0
822	59	Eex_IncN	1.143e-01	0
823	59	Eex_IncN	9.367e-02	0
824	435	TrbK_RP4	1.744e-29	1
825	444	ExcA	1.727e-01	0
826	132	ExcA	3.960e-01	0
827	132	ExcA	3.520e-01	0
828	132	ExcA	3.736e-01	0
829	132	ExcA	4.552e-01	0
830	177	Eex_IncN	9.655e-01	0
831	242	TraS	1.333e-43	1
832	41	Eex_IncN	2.957e+00	0
833	80	ExcA	7.195e-01	0
834	80	ExcA	3.473e-01	0
835	80	ExcA	8.552e-01	0
836	191	TraS	2.545e-01	0
837	186	TraS	1.981e-01	0
838	186	TraS	1.783e-01	0
839	186	TraS	8.852e-02	0
840	186	TraS	8.832e-02	0
841	82	TraS	3.036e+00	0
842	186	TraS	2.008e-01	0
843	186	TraS	1.847e-01	0
844	37	ExcA	3.058e+00	0
845	186	TraS	2.549e-01	0
846	111	TraS	3.928e-01	0
847	186	TraS	2.135e-01	0
848	158	TraS	6.385e-02	0
849	82	TraS	2.019e+00	0
850	186	TraS	2.861e-01	0
851	186	TraS	3.015e-01	0
852	186	TraS	7.692e-02	0
853	186	TraS	3.273e-02	0
854	186	TraS	3.384e-01	0
855	186	TraS	2.751e-01	0
856	186	TraS	1.717e-01	0
857	186	TraS	3.763e-01	0
858	186	TraS	1.684e-01	0
859	186	TraS	1.395e-01	0
860	191	TraS	7.026e-02	0
861	193	TraS	2.177e-01	0
862	191	TraS	5.167e-01	0
863	186	TraS	1.378e+00	0
864	196	TraS	8.908e-02	0
865	192	TraS	6.223e-01	0
866	192	TraS	8.807e-01	0
867	192	TraS	6.070e-01	0
868	192	TrbK_RP4	7.679e-01	0
869	958	TraS	5.638e-01	0
870	177	TraS	6.280e-01	0
871	77	ExcA	1.619e+00	0
872	179	ExcA	2.582e-10	1
873	46	ExcA	3.260e+00	0
874	209	ExcA	5.777e-02	0
875	45	Eex_IncN	7.227e-01	0
876	112	ExcA	4.394e-01	0
877	112	ExcA	4.566e-01	0
878	112	ExcA	3.977e-01	0
879	211	ExcA	7.885e-01	0
880	141	Eex_IncN	1.840e-01	0
881	534	TrbK_RP4	7.656e-26	1
882	534	TrbK_RP4	2.832e-26	1
883	57	TrbK_RP4	4.018e-01	0
884	177	Eex_IncN	6.901e-01	0
885	134	Eex_IncN	1.473e-01	0
886	493	Eex_IncN	3.279e+00	0
887	166	Eex_IncN	8.502e-01	0
888	189	TraS	2.904e-01	0
889	418	TrbK_RP4	7.297e-17	1
890	300	ExcA	5.331e-01	0
891	161	TraS	1.946e-19	1
892	243	TraS	1.761e-51	1
893	185	Eex_IncN	5.819e-01	0
894	452	TraS	1.863e+00	0
895	70	TraS	5.127e-01	0
896	70	Eex_IncN	1.345e+00	0
897	70	TraS	1.238e+00	0
898	70	TraS	1.237e+00	0
899	70	ExcA	1.708e+00	0
900	107	ExcA	4.064e-02	0
901	302	TraS	2.143e-01	0
902	76	TrbK_RP4	1.824e+00	0
903	60	TrbK_RP4	4.382e-01	0
904	144	Eex_IncN	3.389e-01	0
905	176	Eex_IncN	8.923e-01	0
906	178	Eex_IncN	7.879e-01	0
907	178	Eex_IncN	1.639e-01	0
908	177	Eex_IncN	4.937e-01	0
909	190	TraS	2.752e-03	1
910	219	TraS	2.512e-03	1
911	186	TraS	1.958e-04	1
912	241	TraS	4.960e-05	1
913	191	TraS	2.520e-01	0
914	191	TraS	5.171e-01	0
915	191	TraS	8.905e-01	0
916	191	TraS	5.024e-01	0
917	76	Eex_IncN	3.995e+00	0
918	60	Eex_IncN	3.701e+00	0
919	202	ExcA	5.898e-01	0
920	184	Eex_IncN	1.318e+00	0
921	184	TraS	2.581e+00	0
922	178	Eex_IncN	5.045e-01	0
923	184	Eex_IncN	1.160e+00	0
924	71	TrbK_RP4	1.064e+00	0
925	145	TraS	3.586e-02	0
926	68	Eex_IncN	1.103e+00	0
927	68	Eex_IncN	8.818e-01	0
928	68	Eex_IncN	8.116e-01	0
929	68	TraS	2.552e+00	0
930	582	TrbK_RP4	1.995e-33	1
931	338	ExcA	2.401e-01	0
932	382	TrbK_RP4	1.614e-14	1
933	166	Eex_IncN	2.532e-02	0
934	85	Eex_IncN	5.781e+00	0
935	153	ExcA	2.794e+00	0
936	117	ExcA	1.046e+00	0
937	103	Eex_IncN	3.437e+00	0
938	111	TraS	1.537e-01	0
939	155	ExcA	9.985e-02	0
940	512	Eex_IncN	7.331e-01	0
941	63	TrbK_RP4	1.835e+00	0
942	190	Eex_IncN	1.634e+00	0
943	59	TraS	4.453e-01	0
944	235	TraS	1.225e-05	1
945	106	ExcA	8.995e-02	0
946	106	ExcA	2.828e-01	0
947	117	ExcA	1.215e-01	0
948	117	ExcA	1.508e-01	0
949	117	ExcA	1.052e-01	0
950	243	ExcA	6.023e-01	0
951	197	ExcA	1.619e+00	0
952	106	ExcA	6.346e-01	0
953	411	TrbK_RP4	2.433e-15	1
954	112	TrbK_RP4	4.503e-02	0
955	202	TrbK_RP4	6.062e-09	1
956	254	TrbK_RP4	3.194e-01	0
957	316	TraS	5.568e-01	0
958	127	TraS	5.285e-01	0
959	164	TraS	8.147e+00	0
960	164	TraS	8.147e+00	0
961	67	TrbK_RP4	1.490e+00	0
962	67	TrbK_RP4	1.610e+00	0
963	67	TrbK_RP4	1.373e+00	0
964	67	TrbK_RP4	1.071e+00	0
965	67	Eex_IncN	2.529e+00	0
966	67	Eex_IncN	2.382e+00	0
967	63	TrbK_RP4	2.506e+00	0
968	62	TraS	1.310e+00	0
969	165	ExcA	3.925e-02	0
970	192	TraS	3.197e-02	0
971	192	TraS	1.322e-02	1
972	371	TrbK_RP4	9.416e-14	1
973	371	TrbK_RP4	8.445e-14	1
974	120	Eex_IncN	4.022e-01	0
975	170	Eex_IncN	4.537e-01	0
976	199	TraS	8.992e-01	0
977	218	TraS	1.807e-01	0
978	185	TraS	1.201e-02	1
979	185	TraS	3.121e-02	0
980	185	TraS	2.351e-02	0
981	185	TraS	1.180e-02	1
982	120	Eex_IncN	1.696e+00	0
983	120	Eex_IncN	2.095e+00	0
984	78	ExcA	4.859e-02	0
985	187	TraS	7.192e-02	0
986	92	ExcA	2.627e+00	0
987	187	TraS	6.796e-02	0
988	187	TraS	1.132e-01	0
989	187	TrbK_RP4	1.259e-01	0
990	187	TraS	1.155e-02	1
991	187	TraS	1.082e-01	0
992	187	TraS	1.581e-02	1
993	187	TraS	1.167e-02	1
994	187	TraS	1.231e-02	1
995	186	TraS	1.619e-03	1
996	177	TraS	3.731e-02	0
997	175	TraS	1.911e-04	1
998	175	TraS	1.996e-03	1
999	181	TraS	4.810e-03	1
1000	181	TraS	4.681e-03	1
1001	174	TraS	2.842e-03	1
1002	174	TraS	2.324e-03	1
1003	149	TraS	1.679e-03	1
1004	174	TraS	3.852e-03	1
1005	106	ExcA	4.206e+00	0
1006	174	TraS	1.770e-03	1
1007	127	TraS	4.825e-01	0
1008	174	TraS	2.360e-03	1
1009	127	TraS	1.446e-01	0
1010	174	TraS	2.260e-03	1
1011	174	TraS	2.260e-03	1
1012	174	TraS	1.737e-03	1
1013	174	TraS	4.067e-04	1
1014	144	TraS	1.528e-03	1
1015	177	TraS	1.285e-04	1
1016	177	TraS	3.275e-05	1
1017	178	TraS	4.555e-05	1
1018	174	TraS	6.471e-05	1
1019	174	TraS	1.012e-03	1
1020	178	TraS	1.425e-03	1
1021	178	TraS	2.205e-03	1
1022	176	TraS	1.685e-02	1
1023	177	TraS	8.856e-04	1
1024	177	TraS	2.059e-04	1
1025	177	TraS	6.282e-04	1
1026	177	TraS	1.137e-03	1
1027	177	TraS	4.353e-03	1
1028	177	TraS	6.744e-04	1
1029	177	TraS	6.820e-04	1
1030	177	TraS	6.649e-04	1
1031	177	TraS	8.450e-04	1
1032	177	TraS	6.721e-04	1
1033	177	TraS	3.383e-04	1
1034	194	TraS	9.578e-02	0
1035	171	TraS	6.679e-04	1
1036	171	TraS	4.412e-01	0
1037	171	TraS	2.285e-01	0
1038	171	TraS	2.998e-03	1
1039	171	TraS	4.258e-04	1
1040	176	TraS	5.046e-03	1
1041	185	TraS	7.869e-03	1
1042	91	ExcA	6.648e-01	0
1043	150	Eex_IncN	9.334e-01	0
1044	69	TrbK_RP4	1.038e+00	0
1045	115	TraS	3.299e+00	0
1046	64	TraS	4.150e+00	0
1047	176	TraS	3.113e-03	1
1048	532	TraS	4.105e+00	0
1049	64	Eex_IncN	9.614e-01	0
1050	189	TraS	2.174e-02	0
1051	189	TraS	1.217e-02	1
1052	189	TraS	1.323e-02	1
1053	189	TraS	6.671e-03	1
1054	189	TraS	1.024e-02	1
1055	189	TraS	7.757e-03	1
1056	176	TraS	2.994e-02	0
1057	176	TraS	5.311e-02	0
1058	176	TraS	4.341e-02	0
1059	176	TraS	1.607e-02	1
1060	149	TraS	2.239e-02	0
1061	176	TraS	1.794e-02	1
1062	162	TraS	1.589e-02	1
1063	176	TraS	1.233e-02	1
1064	186	TraS	1.007e-02	1
1065	192	TraS	9.357e-03	1
1066	176	TraS	2.258e-02	0
1067	176	TraS	7.836e-03	1
1068	176	TraS	3.387e-02	0
1069	176	TraS	6.461e-02	0
1070	176	TraS	2.835e-02	0
1071	176	TraS	2.673e-02	0
1072	232	TraS	1.223e-02	1
1073	149	TraS	2.081e-02	1
1074	176	TraS	2.281e-02	0
1075	176	TraS	1.667e-02	1
1076	232	TraS	3.602e-02	0
1077	107	TraS	3.312e-02	0
1078	176	TraS	3.509e-02	0
1079	192	TraS	4.032e-02	0
1080	176	TraS	4.434e-02	0
1081	176	TraS	5.214e-02	0
1082	176	TraS	5.359e-02	0
1083	176	TraS	2.855e-02	0
1084	232	TraS	3.188e-02	0
1085	176	TraS	2.085e-02	1
1086	192	TraS	1.254e-01	0
1087	107	TraS	4.279e-01	0
1088	93	ExcA	1.207e+00	0
1089	84	ExcA	6.080e-01	0
1090	176	TraS	1.291e-02	1
1091	176	TraS	1.457e-02	1
1092	149	Eex_IncN	5.249e-01	0
1093	147	Eex_IncN	6.737e-01	0
1094	124	TraS	2.071e-03	1
1095	114	TraS	3.699e-03	1
1096	176	TraS	6.059e-04	1
1097	176	TraS	1.364e-03	1
1098	93	TraS	3.691e-01	0
1099	176	TraS	1.741e-03	1
1100	177	TraS	1.117e-02	1
1101	205	TraS	1.304e-02	1
1102	205	TraS	1.401e-02	1
1103	205	TraS	2.051e-02	1
1104	177	TraS	7.779e-03	1
1105	205	TraS	2.227e-02	0
1106	176	TraS	1.252e-02	1
1107	176	TraS	4.686e-03	1
1108	176	TraS	1.139e-02	1
1109	176	TraS	1.431e-02	1
1110	176	TraS	1.381e-02	1
1111	176	TraS	8.594e-03	1
1112	176	TraS	4.716e-03	1
1113	176	TraS	1.494e-02	1
1114	176	TraS	9.435e-03	1
1115	176	TraS	1.576e-02	1
1116	834	TraS	2.127e+00	0
1117	233	TraS	2.159e+00	0
1118	81	Eex_IncN	2.278e-01	0
1119	81	Eex_IncN	2.458e-01	0
1120	81	Eex_IncN	3.128e-01	0
1121	139	Eex_IncN	4.515e-01	0
1122	168	Eex_IncN	2.438e-01	0
1123	168	Eex_IncN	4.020e-01	0
1124	168	Eex_IncN	3.479e-01	0
1125	68	TrbK_RP4	2.593e-01	0
1126	1756	ExcA	4.797e-02	0
1127	646	TraS	2.410e-01	0
1128	176	ExcA	9.647e-02	0
1129	149	ExcA	3.110e+00	0
1130	174	TraS	2.343e-01	0
1131	176	TraS	4.696e-01	0
1132	220	ExcA	2.794e-01	0
1133	220	ExcA	3.285e-01	0
1134	516	Eex_IncN	1.771e+00	0
1135	220	ExcA	1.420e-01	0
1136	516	TraS	1.341e+00	0
1137	515	ExcA	2.606e+00	0
1138	176	TraS	5.115e-02	0
1139	176	TraS	2.175e-01	0
1140	176	TraS	1.227e-01	0
1141	176	TraS	1.634e-01	0
1142	176	TraS	2.754e-02	0
1143	177	TraS	2.574e-02	0
1144	177	TraS	1.184e-01	0
1145	177	TraS	2.953e-01	0
1146	140	TraS	7.530e-01	0
1147	186	TraS	2.807e-02	0
1148	186	TraS	6.729e-02	0
1149	186	TraS	3.025e-02	0
1150	152	ExcA	5.546e-01	0
1151	63	TraS	1.832e+00	0
1152	70	TraS	7.521e-01	0
1153	95	TrbK_RP4	1.621e+00	0
1154	149	Eex_IncN	5.899e+00	0
1155	68	TraS	2.374e+00	0
1156	342	TrbK_RP4	1.767e-09	1
1157	342	TrbK_RP4	2.393e-09	1
1158	354	TrbK_RP4	5.981e-09	1
1159	354	TrbK_RP4	9.147e-09	1
1160	352	TrbK_RP4	4.931e-09	1
1161	457	TrbK_RP4	1.841e-12	1
1162	331	TrbK_RP4	4.130e-07	1
1163	331	TrbK_RP4	4.652e-07	1
1164	325	TrbK_RP4	6.095e-07	1
1165	331	TrbK_RP4	5.611e-07	1
1166	331	TrbK_RP4	3.779e-07	1
1167	331	TrbK_RP4	7.022e-07	1
1168	331	TrbK_RP4	5.444e-07	1
1169	331	TrbK_RP4	6.152e-07	1
1170	331	TrbK_RP4	7.052e-07	1
1171	331	TrbK_RP4	1.468e-06	1
1172	331	TrbK_RP4	1.050e-06	1
1173	341	TrbK_RP4	1.377e-06	1
1174	434	TrbK_RP4	1.564e-12	1
1175	209	Eex_IncN	2.492e+00	0
1176	505	TraS	9.611e-01	0
1177	511	TraS	1.566e+00	0
1178	209	Eex_IncN	7.751e-01	0
1179	458	TrbK_RP4	2.669e-11	1
1180	457	TrbK_RP4	1.498e-12	1
1181	443	TrbK_RP4	8.077e-12	1
1182	455	TrbK_RP4	2.476e-12	1
1183	111	ExcA	2.233e-01	0
1184	195	ExcA	6.390e-04	1
1185	258	ExcA	2.664e+00	0
1186	330	TrbK_RP4	9.367e-08	1
1187	330	TrbK_RP4	1.422e-07	1
1188	330	TrbK_RP4	3.052e-07	1
1189	330	TrbK_RP4	2.495e-07	1
1190	326	TrbK_RP4	6.771e-08	1
1191	330	TrbK_RP4	7.064e-08	1
1192	330	TrbK_RP4	8.660e-08	1
1193	77	Eex_IncN	1.171e+00	0
1194	330	TrbK_RP4	1.518e-07	1
1195	330	TrbK_RP4	9.786e-08	1
1196	330	TrbK_RP4	8.334e-08	1
1197	330	TrbK_RP4	7.909e-08	1
1198	330	TrbK_RP4	7.909e-08	1
1199	330	TrbK_RP4	7.855e-08	1
1200	330	TrbK_RP4	1.844e-07	1
1201	330	TrbK_RP4	6.066e-08	1
1202	330	TrbK_RP4	1.240e-07	1
1203	330	TrbK_RP4	6.148e-07	1
1204	238	TraS	2.791e-04	1
1205	342	TrbK_RP4	7.965e-09	1
1206	342	TrbK_RP4	9.638e-09	1
1207	342	TrbK_RP4	8.177e-09	1
1208	342	TrbK_RP4	7.274e-09	1
1209	342	TrbK_RP4	9.286e-09	1
1210	342	TrbK_RP4	7.274e-09	1
1211	356	TrbK_RP4	3.675e-08	1
1212	567	ExcA	3.816e-01	0
1213	154	Eex_IncN	1.465e-01	0
1214	154	Eex_IncN	1.854e-01	0
1215	347	TrbK_RP4	3.720e-08	1
1216	347	TrbK_RP4	4.465e-08	1
1217	347	TrbK_RP4	5.097e-08	1
1218	347	TrbK_RP4	3.307e-08	1
1219	347	TrbK_RP4	5.379e-08	1
1220	347	TrbK_RP4	4.285e-08	1
1221	347	TrbK_RP4	5.707e-08	1
1222	347	TrbK_RP4	1.889e-08	1
1223	347	TrbK_RP4	7.944e-08	1
1224	674	TraS	2.018e-01	0
1225	177	ExcA	2.052e-01	0
1226	177	ExcA	7.837e-01	0
1227	177	ExcA	2.688e-01	0
1228	177	ExcA	1.882e-01	0
1229	177	ExcA	2.925e-01	0
1230	114	ExcA	2.305e-01	0
1231	114	ExcA	2.578e-01	0
1232	114	ExcA	3.205e-01	0
1233	114	ExcA	2.666e-01	0
1234	68	Eex_IncN	1.823e+00	0
1235	57	TrbK_RP4	1.129e+00	0
1236	186	TraS	1.188e-03	1
1237	186	TraS	4.831e-02	0
1238	177	TraS	9.764e-01	0
1239	195	TraS	5.935e-03	1
1240	186	TraS	4.301e-04	1
1241	117	TraS	2.709e-01	0
1242	139	ExcA	2.193e-01	0
1243	86	Eex_IncN	5.432e-01	0
1244	103	Eex_IncN	7.991e-02	0
1245	229	TraS	7.164e-04	1
1246	65	TrbK_RP4	2.973e-01	0
1247	282	TraS	9.016e-01	0
1248	271	TraS	1.224e+00	0
1249	282	TraS	1.210e+00	0
1250	282	TraS	1.211e+00	0
1251	271	TraS	1.224e+00	0
1252	282	TraS	1.426e+00	0
1253	282	TraS	1.203e+00	0
1254	282	TraS	1.204e+00	0
1255	282	TraS	1.212e+00	0
1256	282	TraS	1.274e+00	0
1257	271	TraS	1.367e+00	0
1258	175	ExcA	1.451e+00	0
1259	44	ExcA	5.834e+00	0
1260	193	Eex_IncN	1.688e+00	0
1261	68	TraS	1.293e+00	0
1262	68	TrbK_RP4	8.760e-01	0
1263	275	TraS	9.128e-01	0
1264	141	TraS	1.673e-01	0
1265	141	TraS	2.614e-01	0
1266	107	ExcA	2.376e-01	0
1267	332	TrbK_RP4	1.001e-07	1
1268	325	TrbK_RP4	6.998e-08	1
1269	332	TrbK_RP4	4.874e-07	1
1270	332	TrbK_RP4	1.133e-07	1
1271	332	TrbK_RP4	7.141e-08	1
1272	315	TrbK_RP4	1.112e-06	1
1273	332	TrbK_RP4	6.984e-08	1
1274	281	TrbK_RP4	4.075e-07	1
1275	332	TrbK_RP4	1.249e-07	1
1276	332	TrbK_RP4	1.922e-07	1
1277	332	TrbK_RP4	1.402e-07	1
1278	332	TrbK_RP4	3.996e-07	1
1279	104	ExcA	2.854e-01	0
1280	105	TraS	6.657e-01	0
1281	64	ExcA	1.074e+00	0
1282	198	TrbK_RP4	1.045e+00	0
1283	130	Eex_IncN	7.662e-01	0
1284	137	TraS	4.771e-01	0
1285	130	Eex_IncN	9.829e-01	0
1286	130	Eex_IncN	6.436e-01	0
1287	189	TraS	1.545e-02	1
1288	189	TraS	1.154e-01	0
1289	189	TraS	7.657e-02	0
1290	207	TraS	1.408e-01	0
1291	53	ExcA	4.913e+00	0
1292	81	Eex_IncN	5.605e-01	0
1293	234	ExcA	4.495e-01	0
1294	234	ExcA	4.697e-01	0
1295	234	ExcA	6.605e-01	0
1296	170	ExcA	8.584e-03	1
1297	540	TrbK_RP4	2.353e-13	1
1298	492	TrbK_RP4	5.283e-12	1
1299	491	TrbK_RP4	8.450e-12	1
1300	491	TrbK_RP4	7.733e-12	1
1301	53	TraS	2.786e+00	0
1302	596	TraS	6.910e-01	0
1303	315	ExcA	1.816e-01	0
1304	315	ExcA	1.818e-01	0
1305	315	ExcA	9.645e-02	0
1306	188	ExcA	2.637e-02	0
1307	188	ExcA	2.522e-02	0
1308	224	ExcA	8.319e-02	0
1309	315	ExcA	1.074e-01	0
1310	315	ExcA	1.083e-01	0
1311	315	ExcA	1.089e-01	0
1312	315	ExcA	1.095e-01	0
1313	315	ExcA	1.076e-01	0
1314	315	ExcA	1.488e-01	0
1315	315	ExcA	1.491e-01	0
1316	123	ExcA	3.227e-02	0
1317	106	ExcA	1.392e-01	0
1318	315	ExcA	1.093e-01	0
1319	188	ExcA	3.659e-02	0
1320	189	ExcA	2.813e-02	0
1321	315	ExcA	1.079e-01	0
1322	315	ExcA	1.094e-01	0
1323	315	ExcA	1.078e-01	0
1324	198	ExcA	6.882e-01	0
1325	579	TrbK_RP4	4.566e-30	1
1326	117	Eex_IncN	2.205e+00	0
1327	332	TrbK_RP4	5.202e-07	1
1328	332	TrbK_RP4	4.345e-07	1
1329	332	TrbK_RP4	2.987e-07	1
1330	336	TrbK_RP4	1.767e-07	1
1331	260	TrbK_RP4	2.034e-01	0
1332	263	TrbK_RP4	5.200e-02	0
1333	107	TrbK_RP4	2.561e+00	0
1334	189	TraS	4.687e-03	1
1335	293	TraS	1.211e-02	1
1336	202	TraS	4.001e-01	0
1337	290	ExcA	1.792e+00	0
1338	691	TraS	1.555e-01	0
1339	339	TrbK_RP4	8.911e-09	1
1340	181	TraS	5.875e-03	1
1341	492	TrbK_RP4	2.266e-01	0
1342	445	ExcA	7.547e-01	0
1343	86	ExcA	1.792e+00	0
1344	289	TrbK_RP4	6.473e-01	0
1345	581	TrbK_RP4	8.864e-30	1
1346	93	TrbK_RP4	1.516e+00	0
1347	91	TrbK_RP4	1.220e+00	0
1348	326	TrbK_RP4	7.690e-07	1
1349	297	TraS	4.483e-03	1
1350	215	TraS	1.042e-02	1
1351	216	TraS	5.023e-03	1
1352	216	TraS	7.566e-03	1
1353	216	TraS	1.585e-02	1
1354	216	TraS	1.641e-02	1
1355	133	ExcA	1.024e+00	0
1356	145	Eex_IncN	2.338e+00	0
1357	343	ExcA	2.343e-01	0
1358	519	TrbK_RP4	9.936e-27	1
1359	343	ExcA	4.128e-01	0
1360	139	Eex_IncN	1.008e+00	0
1361	57	TraS	4.341e-01	0
1362	57	TrbK_RP4	3.404e-01	0
1363	83	ExcA	2.823e+00	0
1364	83	Eex_IncN	3.236e+00	0
1365	72	ExcA	3.411e+00	0
1366	83	Eex_IncN	4.862e+00	0
1367	83	ExcA	4.843e+00	0
1368	83	ExcA	2.242e+00	0
1369	83	Eex_IncN	2.158e+00	0
1370	83	TrbK_RP4	3.015e+00	0
1371	83	Eex_IncN	2.792e+00	0
1372	249	ExcA	1.970e-01	0
1373	132	ExcA	4.169e+00	0
1374	274	TrbK_RP4	3.353e-01	0
1375	274	TrbK_RP4	1.203e-01	0
1376	334	TrbK_RP4	3.968e-07	1
1377	513	TraS	2.485e-01	0
1378	55	TrbK_RP4	7.808e-01	0
1379	276	Eex_IncN	4.085e+00	0
1380	278	ExcA	2.476e-01	0
1381	88	TrbK_RP4	8.994e-01	0
1382	427	ExcA	3.824e-02	0
1383	242	ExcA	3.794e+00	0
1384	757	TraS	1.280e-01	0
1385	295	TraS	1.430e-04	1
1386	65	TrbK_RP4	3.589e-01	0
1387	171	TrbK_RP4	3.332e-01	0
1388	112	TraS	1.690e+00	0
1389	177	TrbK_RP4	2.993e-01	0
1390	202	TrbK_RP4	3.624e-01	0
1391	493	TrbK_RP4	2.935e-02	0
1392	184	TrbK_RP4	8.787e-01	0
1393	184	TraS	1.294e+00	0
1394	263	TraS	5.311e-01	0
1395	168	ExcA	1.925e-01	0
1396	289	TrbK_RP4	1.021e-02	1
1397	96	TraS	6.623e-01	0
1398	70	TrbK_RP4	7.078e-01	0
1399	70	TrbK_RP4	4.388e-01	0
1400	70	TrbK_RP4	5.073e-01	0
1401	70	TrbK_RP4	1.737e+00	0
1402	70	TrbK_RP4	7.082e-01	0
1403	65	TrbK_RP4	5.096e-01	0
1404	70	TrbK_RP4	7.391e-01	0
1405	71	TrbK_RP4	6.649e-01	0
1406	70	TrbK_RP4	1.992e+00	0
1407	71	TrbK_RP4	2.641e-01	0
1408	186	ExcA	9.389e-01	0
1409	172	ExcA	4.776e-02	0
1410	172	ExcA	4.992e-02	0
1411	331	TrbK_RP4	2.269e-06	1
1412	331	TrbK_RP4	2.269e-06	1
1413	475	Eex_IncN	1.303e+00	0
1414	342	Eex_IncN	3.231e+00	0
1415	474	Eex_IncN	2.877e+00	0
1416	114	ExcA	5.507e-01	0
1417	476	ExcA	1.618e+00	0
1418	642	TraS	7.041e-01	0
1419	70	TrbK_RP4	2.388e+00	0
1420	94	ExcA	7.682e-01	0
1421	94	ExcA	2.583e-01	0
1422	70	TraS	6.366e+00	0
1423	38	Eex_IncN	5.637e+00	0
1424	542	TrbK_RP4	2.558e-26	1
1425	541	TrbK_RP4	2.498e-26	1
1426	542	TrbK_RP4	1.034e-25	1
1427	542	TrbK_RP4	2.675e-26	1
1428	541	TrbK_RP4	1.298e-25	1
1429	256	Eex_IncN	2.904e+00	0
1430	66	TrbK_RP4	2.066e-01	0
1431	82	Eex_IncN	3.227e-01	0
1432	62	Eex_IncN	6.315e-01	0
1433	106	Eex_IncN	5.815e-02	0
1434	84	Eex_IncN	3.877e-01	0
1435	66	TrbK_RP4	1.885e-01	0
1436	210	ExcA	2.508e+00	0
1437	72	Eex_IncN	4.066e-01	0
1438	183	Eex_IncN	4.819e-01	0
1439	183	Eex_IncN	2.039e+00	0
1440	111	Eex_IncN	1.815e+00	0
1441	124	Eex_IncN	1.971e-02	1
1442	124	Eex_IncN	1.900e-02	1
1443	402	ExcA	1.375e+00	0
1444	164	ExcA	5.927e-09	1
1445	164	ExcA	3.884e-09	1
1446	57	TrbK_RP4	6.493e-01	0
1447	57	Eex_IncN	4.323e-01	0
1448	144	Eex_IncN	2.543e-01	0
1449	225	TraS	1.265e-01	0
1450	95	Eex_IncN	4.184e-01	0
1451	74	TrbK_RP4	9.925e-01	0
1452	163	Eex_IncN	1.813e-01	0
1453	65	TrbK_RP4	2.696e-01	0
1454	65	TrbK_RP4	7.751e-02	0
1455	66	TrbK_RP4	6.999e-01	0
1456	163	TraS	6.876e-03	1
1457	54	TraS	5.087e-01	0
1458	560	TrbK_RP4	1.325e-22	1
1459	68	TraS	7.740e-01	0
1460	196	TraS	1.129e-01	0
1461	177	TrbK_RP4	1.981e-01	0
1462	225	ExcA	2.066e-01	0
1463	218	ExcA	3.449e-01	0
1464	187	ExcA	3.970e-11	1
1465	185	ExcA	2.623e-11	1
1466	176	TraS	2.122e-03	1
1467	361	TraS	2.301e-02	0
1468	130	TraS	1.621e+00	0
1469	59	TrbK_RP4	2.536e+00	0
1470	284	TraS	1.787e-03	1
1471	185	TraS	9.355e-01	0
1472	185	TraS	1.518e+00	0
1473	185	TraS	1.238e+00	0
1474	185	TraS	5.251e-01	0
1475	185	TraS	5.210e-01	0
1476	155	TraS	5.190e-01	0
1477	185	TraS	1.207e+00	0
1478	452	TrbK_RP4	5.553e-21	1
1479	57	TrbK_RP4	5.558e-01	0
1480	443	TrbK_RP4	1.024e-20	1
1481	146	Eex_IncN	7.853e-01	0
1482	89	TrbK_RP4	5.749e-01	0
1483	82	TrbK_RP4	6.855e-02	0
1484	57	TrbK_RP4	9.044e-01	0
1485	57	TrbK_RP4	7.603e-01	0
1486	57	TrbK_RP4	5.083e-01	0
1487	57	Eex_IncN	1.046e+00	0
1488	57	TraS	9.480e-01	0
1489	57	Eex_IncN	1.214e+00	0
1490	234	Eex_IncN	1.236e+00	0
1491	641	TrbK_RP4	9.390e-02	0
1492	191	TraS	1.802e-01	0
1493	141	Eex_IncN	7.919e-01	0
1494	480	TrbK_RP4	4.883e-23	1
1495	550	TrbK_RP4	8.061e-23	1
1496	550	TrbK_RP4	7.850e-23	1
1497	544	TrbK_RP4	3.733e-23	1
1498	224	ExcA	4.322e-01	0
1499	61	TrbK_RP4	2.912e-01	0
1500	128	TrbK_RP4	1.248e+00	0
1501	157	TraS	3.992e-03	1
1502	607	TraS	8.277e-01	0
1503	66	TrbK_RP4	2.819e-01	0
1504	57	TrbK_RP4	5.345e-01	0
1505	80			0
1506	104	TrbK_RP4	1.797e+00	0
1507	120	TraS	1.957e+00	0
1508	57	TrbK_RP4	1.264e+00	0
1509	103	TraS	1.226e+00	0
1510	144	Eex_IncN	6.042e-01	0
1511	66	Eex_IncN	1.562e+00	0
1512	83	Eex_IncN	9.478e-01	0
1513	83	Eex_IncN	8.853e-01	0
1514	83	Eex_IncN	8.853e-01	0
1515	192	TraS	5.623e-02	0
1516	192	TraS	1.403e-01	0
1517	191	TraS	2.048e-01	0
1518	191	TraS	6.725e-01	0
1519	170	ExcA	8.352e-09	1
1520	90	Eex_IncN	1.594e-02	1
1521	165	TraS	6.806e-01	0
1522	553	TraS	1.163e+00	0
1523	467	Eex_IncN	3.346e-01	0
1524	65	Eex_IncN	2.190e+00	0
1525	54	Eex_IncN	1.893e+00	0
1526	65	Eex_IncN	1.304e+00	0
1527	415	TrbK_RP4	9.778e-01	0
1528	416	TrbK_RP4	9.736e-01	0
1529	322	TraS	4.812e-01	0
1530	124	Eex_IncN	7.055e-02	0
1531	187	ExcA	1.051e+00	0
1532	188	Eex_IncN	4.133e-01	0
1533	123	Eex_IncN	1.832e+00	0
1534	216	TraS	9.205e-04	1
1535	135	ExcA	5.647e-01	0
1536	190	TraS	1.388e+00	0
1537	131	Eex_IncN	1.198e+00	0
1538	137	Eex_IncN	3.718e+00	0
1539	128	ExcA	6.374e-01	0
1540	359	TrbK_RP4	3.358e-09	1
1541	359	TrbK_RP4	2.530e-09	1
1542	281	TrbK_RP4	2.135e-07	1
1543	359	TrbK_RP4	3.171e-09	1
1544	190	TrbK_RP4	1.207e-03	1
1545	359	TrbK_RP4	3.442e-09	1
1546	359	TrbK_RP4	4.330e-09	1
1547	124	ExcA	3.711e-01	0
1548	221	ExcA	1.407e-01	0
1549	221	ExcA	6.061e-02	0
1550	221	ExcA	9.012e-02	0
1551	221	ExcA	9.848e-02	0
1552	221	ExcA	1.575e-01	0
1553	149	Eex_IncN	1.259e+00	0
1554	357	TrbK_RP4	9.999e-09	1
1555	653	TraS	8.612e-01	0
1556	653	TraS	1.224e+00	0
1557	653	TraS	9.993e-01	0
1558	189	ExcA	2.603e-02	0
1559	92	Eex_IncN	7.659e-01	0
1560	111	Eex_IncN	1.585e+00	0
1561	111	TraS	1.711e+00	0
1562	111	Eex_IncN	1.582e+00	0
1563	216	TraS	1.422e-02	1
1564	216	TraS	1.203e-02	1
1565	491	Eex_IncN	2.723e+00	0
1566	81	Eex_IncN	1.592e-01	0
1567	81	Eex_IncN	3.691e-01	0
1568	81	TrbK_RP4	4.687e-01	0
1569	81	Eex_IncN	2.107e-01	0
1570	221	ExcA	7.910e-02	0
1571	43	Eex_IncN	9.386e+00	0
1572	326	ExcA	1.543e-01	0
1573	326	ExcA	1.513e-01	0
1574	330	ExcA	1.923e-01	0
1575	326	ExcA	1.520e-01	0
1576	326	ExcA	1.461e-01	0
1577	326	ExcA	1.674e-01	0
1578	137	Eex_IncN	1.369e+00	0
1579	229	ExcA	5.659e-01	0
1580	237	Eex_IncN	6.545e-01	0
1581	584	ExcA	3.285e-01	0
1582	691	TraS	5.623e-01	0
1583	691	TraS	8.785e-01	0
1584	691	TraS	1.113e+00	0
1585	175	TraS	3.248e-02	0
1586	141	Eex_IncN	1.138e+00	0
1587	225	ExcA	1.502e-01	0
1588	74	TrbK_RP4	1.239e+00	0
1589	226	ExcA	4.545e-01	0
1590	225	ExcA	8.020e-02	0
1591	86	ExcA	1.361e-01	0
1592	86	ExcA	3.115e-01	0
1593	219	TraS	3.586e-04	1
1594	178	TrbK_RP4	2.799e+00	0
1595	178	TrbK_RP4	2.211e+00	0
1596	142	Eex_IncN	4.116e-01	0
1597	74	TrbK_RP4	8.304e-01	0
1598	311	ExcA	2.750e-01	0
1599	379	TrbK_RP4	3.358e-08	1
1600	208	ExcA	9.458e-01	0
1601	178	TraS	6.302e-02	0
1602	116	TraS	1.740e+00	0
1603	119	Eex_IncN	4.355e+00	0
1604	591	TraS	1.298e+00	0
1605	624	Eex_IncN	8.280e-01	0
1606	205	Eex_IncN	1.161e+00	0
1607	170	ExcA	2.743e-02	0
1608	207	TraS	2.732e-02	0
1609	220	Eex_IncN	6.083e-01	0
1610	72	ExcA	3.690e+00	0
1611	108	ExcA	2.115e-01	0
1612	189	TraS	1.578e-01	0
1613	189	TraS	2.970e-02	0
1614	123	TraS	2.777e-01	0
1615	119	Eex_IncN	8.522e-01	0
1616	119	Eex_IncN	1.401e+00	0
1617	165	Eex_IncN	2.708e+00	0
1618	165	Eex_IncN	2.291e+00	0
1619	74	TrbK_RP4	2.441e-01	0
1620	111	Eex_IncN	9.400e-01	0
1621	191	TraS	1.334e-01	0
1622	76	Eex_IncN	1.409e+00	0
1623	623	TraS	7.856e-01	0
1624	319	ExcA	2.569e-02	0
1625	319	ExcA	3.257e-02	0
1626	297	TraS	1.888e-03	1
1627	297	TraS	2.207e-03	1
1628	965	TraS	1.398e+00	0
1629	60	Eex_IncN	2.022e+00	0
1630	340	TrbK_RP4	2.082e-08	1
1631	402	ExcA	1.645e-01	0
1632	126	ExcA	1.826e+00	0
1633	183	ExcA	1.376e-01	0
1634	184	ExcA	4.869e-01	0
1635	194	ExcA	9.373e-02	0
1636	194	TraS	7.814e-01	0
1637	325	TrbK_RP4	8.730e-09	1
1638	61	Eex_IncN	5.391e+00	0
1639	162	ExcA	2.143e+00	0
1640	63	TrbK_RP4	9.913e-01	0
1641	691	TraS	2.349e-01	0
1642	338	ExcA	2.286e+00	0
1643	372	TrbK_RP4	4.364e-01	0
1644	83	ExcA	2.257e+00	0
1645	99	TraS	3.024e+00	0
1646	84	TrbK_RP4	6.720e-01	0
1647	221	ExcA	3.945e-01	0
1648	221	ExcA	6.426e-01	0
1649	459	TraS	1.810e+00	0
1650	458	TraS	1.241e+00	0
1651	215	ExcA	1.226e-01	0
1652	77	TrbK_RP4	5.930e-01	0
1653	77	TrbK_RP4	5.239e-01	0
1654	331	TrbK_RP4	1.155e-09	1
1655	351	TrbK_RP4	3.237e-09	1
1656	137	Eex_IncN	4.403e+00	0
1657	344	Eex_IncN	1.073e+00	0
1658	80	ExcA	6.033e-01	0
1659	80	ExcA	9.921e-01	0
1660	34	TrbK_RP4	9.268e+00	0
1661	640	Eex_IncN	1.493e+00	0
1662	560	TraS	1.282e+00	0
1663	558	ExcA	1.701e+00	0
1664	558	Eex_IncN	2.433e+00	0
1665	177	TraS	1.789e-01	0
1666	178	TraS	2.675e-01	0
1667	192	ExcA	2.141e+00	0
1668	204	TraS	4.975e-01	0
1669	141	Eex_IncN	4.991e-01	0
1670	141	Eex_IncN	1.036e+00	0
1671	141	Eex_IncN	1.763e+00	0
1672	141	Eex_IncN	1.580e+00	0
1673	141	Eex_IncN	1.047e+00	0
1674	141	TraS	1.173e+00	0
1675	141	Eex_IncN	7.742e-01	0
1676	125	ExcA	2.601e-02	0
1677	424	TraS	5.475e-01	0
1678	70	ExcA	1.422e+00	0
1679	393	TrbK_RP4	2.879e-14	1
1680	177	TraS	5.684e-03	1
1681	177	TraS	7.235e-02	0
1682	177	TraS	3.441e-03	1
1683	175	TraS	1.722e-01	0
1684	621	TraS	4.606e-01	0
1685	575	TrbK_RP4	3.679e-01	0
1686	225	ExcA	1.650e-01	0
1687	225	ExcA	8.559e-02	0
1688	156	ExcA	1.444e-08	1
1689	229	TraS	9.456e-04	1
1690	229	TraS	1.334e-03	1
1691	229	TraS	1.787e-03	1
1692	229	TraS	3.697e-03	1
1693	229	TraS	5.710e-03	1
1694	229	TraS	2.003e-03	1
1695	229	TraS	1.392e-03	1
1696	229	TraS	2.394e-03	1
1697	229	TraS	1.787e-03	1
1698	108	Eex_IncN	8.897e-01	0
1699	108	Eex_IncN	6.201e-01	0
1700	108	Eex_IncN	8.958e-01	0
1701	297	Eex_IncN	1.476e+00	0
1702	63	TrbK_RP4	5.055e-01	0
1703	99	Eex_IncN	3.329e-01	0
1704	610	TraS	3.129e+00	0
1705	137	TraS	1.210e-01	0
1706	418	TrbK_RP4	1.944e-09	1
1707	225	Eex_IncN	1.043e+00	0
1708	37	TraS	7.852e+00	0
1709	542	TrbK_RP4	7.139e-12	1
1710	104	Eex_IncN	1.818e+00	0
1711	105	ExcA	1.990e+00	0
1712	141	Eex_IncN	1.393e+00	0
1713	198	TraS	4.061e-02	0
1714	107	Eex_IncN	2.416e-02	0
1715	147	Eex_IncN	5.323e-01	0
1716	77	TrbK_RP4	7.441e-01	0
1717	82	Eex_IncN	1.421e+00	0
1718	82	Eex_IncN	1.825e+00	0
1719	231	ExcA	6.778e-01	0
1720	231	ExcA	1.608e+00	0
1721	173	ExcA	6.038e-02	0
1722	408	TrbK_RP4	5.710e-01	0
1723	153	ExcA	2.263e-01	0
1724	441	TrbK_RP4	2.696e-13	1
1725	286	TrbK_RP4	1.842e-01	0
1726	81	Eex_IncN	3.499e-01	0
1727	89	ExcA	1.340e-10	1
1728	317	TraS	1.140e-02	1
1729	615	TraS	6.234e-02	0
1730	615	TraS	2.455e-02	0
1731	60	TrbK_RP4	2.420e+00	0
1732	604	TraS	2.981e-01	0
1733	604	TraS	3.356e-01	0
1734	604	TraS	2.177e-01	0
1735	604	TraS	3.075e-01	0
1736	188	TraS	1.716e-03	1
1737	388	TrbK_RP4	2.140e-14	1
1738	664	ExcA	1.801e+00	0
1739	664	ExcA	2.147e+00	0
1740	57	TrbK_RP4	1.012e+00	0
1741	123	TraS	2.730e-01	0
1742	141	Eex_IncN	2.389e+00	0
1743	392	TrbK_RP4	1.061e-14	1
1744	225	TraS	1.411e+00	0
1745	414	TrbK_RP4	6.368e-17	1
1746	66	Eex_IncN	1.311e+00	0
1747	64	TrbK_RP4	1.056e+00	0
1748	392	TrbK_RP4	3.106e-15	1
1749	392	TrbK_RP4	1.725e-14	1
1750	392	TrbK_RP4	9.913e-15	1
1751	392	TrbK_RP4	5.190e-15	1
1752	392	TrbK_RP4	5.891e-15	1
1753	392	TrbK_RP4	7.266e-14	1
1754	385	TrbK_RP4	1.715e-15	1
1755	46	Eex_IncN	5.266e-01	0
1756	395	TrbK_RP4	1.836e-14	1
1757	77	TrbK_RP4	6.000e-01	0
1758	77	TrbK_RP4	1.890e-01	0
1759	517	Eex_IncN	4.266e+00	0
1760	375	TrbK_RP4	4.921e-14	1
1761	609	TraS	6.632e-02	0
1762	303	TraS	1.026e-01	0
1763	283	TrbK_RP4	1.129e-01	0
1764	231	ExcA	3.312e+00	0
1765	231	ExcA	2.066e+00	0
1766	141	Eex_IncN	2.253e+00	0
1767	121	TraS	3.000e-01	0
1768	64	TraS	3.100e+00	0
1769	941	TrbK_RP4	2.904e-01	0
1770	76	TraS	4.382e+00	0
1771	218	ExcA	7.222e-01	0
1772	218	ExcA	4.882e-01	0
1773	218	ExcA	3.643e-01	0
1774	218	ExcA	2.321e-01	0
1775	218	ExcA	2.381e-01	0
1776	218	ExcA	2.840e-01	0
1777	218	ExcA	2.767e-01	0
1778	218	ExcA	3.433e-01	0
1779	166	Eex_IncN	4.852e-01	0
1780	218	ExcA	3.388e-01	0
1781	218	ExcA	3.388e-01	0
1782	218	ExcA	2.685e-01	0
1783	218	ExcA	2.527e-01	0
1784	218	ExcA	3.242e-01	0
1785	218	ExcA	2.352e-01	0
1786	218	ExcA	3.057e-01	0
1787	218	ExcA	3.509e-01	0
1788	218	ExcA	3.011e-01	0
1789	228	ExcA	1.803e-01	0
1790	131	ExcA	9.347e-01	0
1791	119	TraS	1.245e+00	0
1792	64	ExcA	7.827e-01	0
1793	64	TraS	3.892e+00	0
1794	64	TraS	5.362e+00	0
1795	170	TraS	3.387e-04	1
1796	125	TraS	1.938e-01	0
1797	127	TraS	1.677e-01	0
1798	127	TraS	2.091e-01	0
1799	127	TraS	2.541e-01	0
1800	126	TraS	7.918e-02	0
1801	125	TraS	1.812e+00	0
1802	216	TraS	4.132e-02	0
1803	69	TraS	2.099e+00	0
1804	190	TraS	3.401e-02	0
1805	190	TraS	2.893e-02	0
1806	192	TraS	3.104e-02	0
1807	396	TrbK_RP4	1.144e-14	1
1808	396	TrbK_RP4	2.087e-15	1
1809	112	TraS	6.860e-02	0
1810	123	ExcA	1.321e+00	0
1811	70	TrbK_RP4	5.805e-01	0
1812	165	ExcA	8.145e-02	0
1813	70	TrbK_RP4	1.486e+00	0
1814	391	TrbK_RP4	3.426e-14	1
1815	181	TraS	3.308e-02	0
1816	598	TraS	3.829e-02	0
1817	606	TraS	5.397e-02	0
1818	599	TraS	1.042e-01	0
1819	197	TraS	9.115e-02	0
1820	203	TraS	2.774e+00	0
1821	203	TraS	2.634e+00	0
1822	207	TraS	1.245e+00	0
1823	60	Eex_IncN	8.174e+00	0
1824	902	TrbK_RP4	1.546e+00	0
1825	81	TraS	3.275e+00	0
1826	81	Eex_IncN	3.730e+00	0
1827	81	ExcA	2.623e+00	0
1828	884	TrbK_RP4	1.550e-01	0
1829	71	Eex_IncN	3.707e+00	0
1830	126	TraS	2.826e+00	0
1831	83	ExcA	7.863e-01	0
1832	344	TrbK_RP4	8.342e-06	1
1833	477	TrbK_RP4	1.104e-10	1
1834	333	TrbK_RP4	8.351e-09	1
1835	395	TrbK_RP4	4.054e-14	1
1836	243	TraS	1.009e-03	1
1837	243	TraS	7.320e-03	1
1838	58	TraS	2.329e+00	0
1839	58	Eex_IncN	1.818e+00	0
1840	58	TraS	1.969e+00	0
1841	58	TraS	1.914e+00	0
1842	58	TraS	1.561e+00	0
1843	58	TraS	2.051e+00	0
1844	58	TraS	1.352e+00	0
1845	58	TraS	2.020e+00	0
1846	63	Eex_IncN	1.010e+00	0
1847	58	TraS	1.336e+00	0
1848	58	TraS	1.666e+00	0
1849	56	TraS	1.423e+00	0
1850	58	TraS	1.776e+00	0
1851	58	TraS	2.101e+00	0
1852	60	Eex_IncN	2.155e+00	0
1853	57	TraS	1.684e+00	0
1854	256	TraS	5.929e-01	0
1855	256	TraS	5.789e-01	0
1856	59	Eex_IncN	1.549e+00	0
1857	982	TrbK_RP4	6.497e-01	0
1858	67	TrbK_RP4	8.915e-01	0
1859	67	TrbK_RP4	5.659e-01	0
1860	67	TrbK_RP4	9.834e-01	0
1861	67	Eex_IncN	7.188e-01	0
1862	67	Eex_IncN	1.048e+00	0
1863	67	Eex_IncN	4.398e-01	0
1864	67	TrbK_RP4	6.968e-01	0
1865	278	TraS	2.910e-01	0
1866	256	TraS	2.832e-01	0
1867	395	TrbK_RP4	5.022e-15	1
1868	395	TrbK_RP4	9.413e-15	1
1869	395	TrbK_RP4	1.021e-14	1
1870	392	TrbK_RP4	7.667e-15	1
1871	395	TrbK_RP4	6.925e-15	1
1872	395	TrbK_RP4	8.642e-15	1
1873	78	Eex_IncN	4.979e+00	0
1874	75	ExcA	4.597e+00	0
1875	77	ExcA	1.920e+00	0
1876	77	TraS	5.063e+00	0
1877	192	TraS	2.204e-01	0
1878	192	TraS	2.141e-01	0
1879	396	TrbK_RP4	1.445e-14	1
1880	531	TrbK_RP4	2.532e-34	1
1881	393	TrbK_RP4	1.333e-14	1
1882	396	TrbK_RP4	2.294e-15	1
1883	396	TrbK_RP4	7.031e-15	1
1884	396	TrbK_RP4	2.591e-15	1
1885	401	TrbK_RP4	2.537e-15	1
1886	32	Eex_IncN	5.377e+00	0
1887	76	TraS	3.113e+00	0
1888	335	Eex_IncN	3.081e+00	0
1889	294	Eex_IncN	2.813e+00	0
1890	146	TraS	1.954e-01	0
1891	447	TraS	3.149e+00	0
1892	169	Eex_IncN	8.839e-01	0
1893	574	TraS	9.401e-02	0
1894	894	TraS	4.716e-01	0
1895	310	TrbK_RP4	1.885e-08	1
1896	317	TraS	7.828e-01	0
1897	249	TraS	1.465e+00	0
1898	76	Eex_IncN	2.963e+00	0
1899	311	TrbK_RP4	2.396e-07	1
1900	311	TrbK_RP4	1.754e-08	1
1901	311	TrbK_RP4	8.194e-09	1
1902	311	TrbK_RP4	1.960e-08	1
1903	104	ExcA	1.533e+00	0
1904	185	TraS	4.212e-02	0
1905	185	TraS	3.320e-02	0
1906	185	TraS	2.379e-02	0
1907	350	TrbK_RP4	6.579e-11	1
1908	151	Eex_IncN	1.910e-01	0
1909	203	TraS	3.184e-02	0
1910	936	TraS	8.568e-01	0
1911	113	TrbK_RP4	1.385e+00	0
1912	120	Eex_IncN	1.998e+00	0
1913	97	TraS	3.071e+00	0
1914	217	ExcA	3.666e-01	0
1915	217	ExcA	2.949e-01	0
1916	217	ExcA	2.833e-01	0
1917	217	ExcA	6.396e-01	0
1918	307	ExcA	3.550e+00	0
1919	307	ExcA	1.519e+00	0
1920	307	ExcA	1.619e+00	0
1921	307	ExcA	1.295e+00	0
1922	307	ExcA	1.454e+00	0
1923	120	TraS	5.784e+00	0
1924	325	TrbK_RP4	4.066e-08	1
1925	82	Eex_IncN	3.212e+00	0
1926	82	ExcA	2.151e+00	0
1927	217	ExcA	2.500e-01	0
1928	217	ExcA	3.515e-01	0
1929	217	ExcA	5.448e-01	0
1930	217	ExcA	4.837e-01	0
1931	217	ExcA	6.116e-01	0
1932	217	ExcA	5.867e-01	0
1933	217	ExcA	3.956e-01	0
1934	217	ExcA	3.515e-01	0
1935	217	ExcA	4.102e-01	0
1936	217	ExcA	4.298e-01	0
1937	217	ExcA	2.786e-01	0
1938	217	ExcA	4.197e-01	0
1939	217	ExcA	3.956e-01	0
1940	217	ExcA	4.834e-01	0
1941	217	ExcA	5.437e-01	0
1942	217	ExcA	4.452e-01	0
1943	217	ExcA	3.956e-01	0
1944	217	ExcA	5.546e-01	0
1945	217	ExcA	6.957e-01	0
1946	217	ExcA	5.433e-01	0
1947	217	ExcA	3.821e-01	0
1948	217	ExcA	3.389e-01	0
1949	217	ExcA	4.548e-01	0
1950	172	Eex_IncN	1.363e+00	0
1951	91	Eex_IncN	5.557e-01	0
1952	91	Eex_IncN	3.572e-01	0
1953	91	Eex_IncN	3.572e-01	0
1954	91	Eex_IncN	4.396e-01	0
1955	217	ExcA	2.502e-01	0
1956	75	Eex_IncN	8.407e-01	0
1957	217	ExcA	3.677e-01	0
1958	217	ExcA	3.867e-01	0
1959	217	ExcA	2.793e-01	0
1960	217	ExcA	4.834e-01	0
1961	217	ExcA	3.686e-01	0
1962	217	ExcA	3.956e-01	0
1963	217	ExcA	3.956e-01	0
1964	217	ExcA	4.199e-01	0
1965	217	ExcA	3.465e-01	0
1966	217	ExcA	3.515e-01	0
1967	217	ExcA	3.244e-01	0
1968	217	ExcA	3.610e-01	0
1969	74	TrbK_RP4	8.338e-01	0
1970	168	TraS	7.293e-01	0
1971	336	TrbK_RP4	7.521e-09	1
1972	351	TrbK_RP4	4.933e-08	1
1973	182	TraS	4.397e-01	0
1974	189	TraS	3.311e-01	0
1975	195	TraS	1.751e-01	0
1976	195	TraS	9.632e-02	0
1977	172	TraS	1.180e+00	0
1978	71	Eex_IncN	2.063e+00	0
1979	172	TraS	1.392e+00	0
1980	177	Eex_IncN	1.970e+00	0
1981	144	TraS	1.151e+00	0
1982	172	Eex_IncN	1.007e+00	0
1983	94	Eex_IncN	1.006e+00	0
1984	301	ExcA	2.513e-01	0
1985	157	TraS	1.728e-01	0
1986	144	TraS	1.137e+00	0
1987	71	Eex_IncN	7.461e+00	0
1988	73	TraS	1.223e+00	0
1989	331	TrbK_RP4	5.177e-08	1
1990	331	TrbK_RP4	4.908e-08	1
1991	339	TrbK_RP4	1.309e-08	1
1992	138	TraS	1.107e+00	0
1993	528	ExcA	1.720e-02	1
1994	158	TraS	1.834e-01	0
1995	307	TrbK_RP4	5.697e-08	1
1996	310	TraS	1.502e+00	0
1997	334	TrbK_RP4	8.854e-09	1
1998	142	Eex_IncN	4.016e-01	0
1999	71	TrbK_RP4	1.118e+00	0
2000	174	ExcA	8.488e-01	0
2001	386	TrbK_RP4	1.716e-07	1
2002	91	TraS	2.205e+00	0
2003	241	ExcA	2.864e-01	0
2004	75	TrbK_RP4	1.712e+00	0
2005	75	TrbK_RP4	1.820e+00	0
2006	75	TrbK_RP4	1.426e+00	0
2007	64	TrbK_RP4	3.209e-01	0
2008	107	ExcA	2.013e-01	0
2009	182	TraS	1.911e+00	0
2010	67	TraS	2.684e+00	0
2011	75	TrbK_RP4	1.002e+00	0
2012	413	TrbK_RP4	1.013e-14	1
2013	177	TraS	1.669e-04	1
2014	189	TraS	4.908e-02	0
2015	189	TraS	4.947e-02	0
2016	71	TrbK_RP4	2.379e-01	0
2017	101	TraS	5.365e-01	0
2018	213	TraS	1.645e-01	0
2019	255	Eex_IncN	7.693e-01	0
2020	64	TrbK_RP4	8.236e-01	0
2021	117	Eex_IncN	3.461e-01	0
2022	117	Eex_IncN	2.827e-01	0
2023	117	Eex_IncN	3.660e-01	0
2024	117	Eex_IncN	4.184e-01	0
2025	117	Eex_IncN	2.802e-01	0
2026	112	Eex_IncN	1.518e-01	0
2027	112	Eex_IncN	1.267e-01	0
2028	112	Eex_IncN	3.586e-01	0
2029	112	Eex_IncN	3.574e-01	0
2030	59	TraS	2.528e+00	0
2031	261	TraS	3.601e+00	0
2032	61	TrbK_RP4	1.934e+00	0
2033	189	ExcA	1.192e+00	0
2034	72	ExcA	2.426e+00	0
2035	167	Eex_IncN	9.690e-01	0
2036	57	TraS	1.205e+00	0
2037	57	TraS	2.051e+00	0
2038	57	TraS	2.153e+00	0
2039	57	TraS	1.786e+00	0
2040	57	TraS	1.359e+00	0
2041	220	Eex_IncN	2.902e+00	0
2042	62	TrbK_RP4	2.891e-01	0
2043	380	TrbK_RP4	7.514e-02	0
2044	347	Eex_IncN	2.218e+00	0
2045	666	TrbK_RP4	1.220e-01	0
2046	120	ExcA	1.019e-01	0
2047	996	TraS	5.155e-01	0
2048	168	ExcA	1.607e-02	1
2049	117	ExcA	2.178e+00	0
2050	152	Eex_IncN	2.976e+00	0
2051	151	Eex_IncN	1.599e+00	0
2052	288	TraS	1.747e+00	0
2053	1113	TrbK_RP4	6.869e-01	0
2054	1113	TrbK_RP4	5.731e-01	0
2055	1113	Eex_IncN	2.912e+00	0
2056	109	TraS	2.004e+00	0
2057	117	Eex_IncN	1.731e+00	0
2058	117	TrbK_RP4	2.324e+00	0
2059	117	TrbK_RP4	1.615e+00	0
2060	229	TraS	1.014e-04	1
2061	74	ExcA	1.463e+00	0
2062	120	Eex_IncN	2.106e+00	0
2063	66	TrbK_RP4	1.076e+00	0
2064	66	TraS	1.251e+00	0
2065	66	TrbK_RP4	1.234e+00	0
2066	65	Eex_IncN	8.931e-01	0
2067	66	TraS	1.576e+00	0
2068	66	TrbK_RP4	3.472e-01	0
2069	66	TrbK_RP4	6.547e-01	0
2070	67	TrbK_RP4	8.011e-01	0
2071	66	TrbK_RP4	3.634e-01	0
2072	68	Eex_IncN	1.371e+00	0
2073	68	TrbK_RP4	1.074e+00	0
2074	66	TrbK_RP4	6.439e-01	0
2075	608	TraS	3.507e+00	0
2076	510	ExcA	1.338e+00	0
2077	515	Eex_IncN	5.180e+00	0
2078	50	Eex_IncN	5.860e+00	0
2079	325	ExcA	1.458e-01	0
2080	705	TraS	3.485e-02	0
2081	705	TraS	3.454e-02	0
2082	75	TrbK_RP4	4.760e-01	0
2083	75	TrbK_RP4	5.665e-01	0
2084	61	Eex_IncN	2.136e+00	0
2085	61	Eex_IncN	1.685e+00	0
2086	61	Eex_IncN	1.443e+00	0
2087	386	TrbK_RP4	1.315e-14	1
2088	385	TrbK_RP4	4.410e-13	1
2089	420	TrbK_RP4	1.504e-13	1
2090	385	TrbK_RP4	2.521e-13	1
2091	260	Eex_IncN	5.582e-01	0
2092	261	Eex_IncN	5.268e-01	0
2093	260	Eex_IncN	5.298e-01	0
2094	62	ExcA	2.358e+00	0
2095	399	TrbK_RP4	2.087e-13	1
2096	60	TrbK_RP4	4.710e-01	0
2097	61	TrbK_RP4	9.708e-01	0
2098	61	TraS	1.979e+00	0
2099	61	ExcA	1.994e+00	0
2100	69	TrbK_RP4	2.942e+00	0
2101	377	TrbK_RP4	3.750e-08	1
2102	148	TraS	8.464e-01	0
2103	238	ExcA	1.372e+00	0
2104	129	ExcA	1.579e-01	0
2105	57	TraS	1.531e+00	0
2106	57	TraS	2.047e+00	0
2107	56	TraS	1.732e+00	0
2108	57	TraS	2.690e+00	0
2109	57	TraS	8.618e-01	0
2110	57	TraS	2.096e+00	0
2111	57	TrbK_RP4	2.741e+00	0
2112	57	Eex_IncN	2.708e+00	0
2113	276	TraS	1.157e+00	0
2114	169	TraS	5.820e+00	0
2115	169	TraS	5.353e+00	0
2116	169	TraS	5.353e+00	0
2117	169	TraS	5.781e+00	0
2118	169	ExcA	5.341e+00	0
2119	73	Eex_IncN	6.198e-01	0
2120	73	Eex_IncN	1.032e+00	0
2121	75	TrbK_RP4	9.769e-01	0
2122	163	TraS	8.870e-01	0
2123	124	TraS	2.333e+00	0
2124	221	ExcA	1.016e-01	0
2125	221	ExcA	1.545e-01	0
2126	353	TrbK_RP4	9.389e-02	0
2127	221	ExcA	1.385e-01	0
2128	63	TrbK_RP4	1.230e-01	0
2129	63	TrbK_RP4	1.350e+00	0
2130	63	TrbK_RP4	3.633e-01	0
2131	61	TrbK_RP4	6.258e-01	0
2132	455	TraS	1.238e+00	0
2133	65	ExcA	1.311e+00	0
2134	49	TraS	5.854e+00	0
2135	65	TrbK_RP4	3.281e+00	0
2136	72	Eex_IncN	3.098e+00	0
2137	72	TrbK_RP4	2.039e+00	0
2138	72	TrbK_RP4	1.479e+00	0
2139	72	TrbK_RP4	1.157e+00	0
2140	73	TrbK_RP4	1.905e+00	0
2141	72	TrbK_RP4	6.286e-01	0
2142	72	TrbK_RP4	2.846e+00	0
2143	72	Eex_IncN	2.597e+00	0
2144	72	ExcA	3.078e+00	0
2145	72	TrbK_RP4	3.329e+00	0
2146	72	Eex_IncN	2.080e+00	0
2147	76	TrbK_RP4	6.156e-01	0
2148	77	TrbK_RP4	1.631e+00	0
2149	78	TrbK_RP4	1.088e+00	0
2150	75	Eex_IncN	9.567e-01	0
2151	75	TrbK_RP4	1.163e+00	0
2152	75	TrbK_RP4	6.322e-01	0
2153	77	TrbK_RP4	2.404e+00	0
2154	75	Eex_IncN	2.194e+00	0
2155	75	TraS	3.531e+00	0
2156	75	TrbK_RP4	2.259e+00	0
2157	75	TrbK_RP4	1.744e+00	0
2158	77	TrbK_RP4	3.654e+00	0
2159	75	TrbK_RP4	1.023e+00	0
2160	75	Eex_IncN	2.069e+00	0
2161	76	TrbK_RP4	6.099e-01	0
2162	77	TrbK_RP4	2.864e+00	0
2163	76	Eex_IncN	2.395e+00	0
2164	70	Eex_IncN	1.249e+00	0
2165	70	Eex_IncN	1.916e+00	0
2166	76	Eex_IncN	1.424e+00	0
2167	76	TrbK_RP4	3.741e-01	0
2168	75	TrbK_RP4	2.642e+00	0
2169	75	TrbK_RP4	7.817e-01	0
2170	75	TrbK_RP4	7.196e-01	0
2171	75	TrbK_RP4	3.816e-01	0
2172	75	TrbK_RP4	9.212e-01	0
2173	75	Eex_IncN	1.469e+00	0
2174	75	TrbK_RP4	2.657e+00	0
2175	75	TraS	1.511e+00	0
2176	75	TrbK_RP4	9.924e-01	0
2177	75	TrbK_RP4	4.423e-01	0
2178	75	TrbK_RP4	5.903e-01	0
2179	75	TrbK_RP4	3.624e-01	0
2180	75	TrbK_RP4	1.734e+00	0
2181	75	TrbK_RP4	2.062e+00	0
2182	77	TrbK_RP4	2.627e+00	0
2183	76	TrbK_RP4	1.077e+00	0
2184	71	Eex_IncN	1.894e+00	0
2185	75	TrbK_RP4	7.712e-01	0
2186	73	TrbK_RP4	8.553e-01	0
2187	75	TrbK_RP4	1.040e+00	0
2188	67	TrbK_RP4	1.200e+00	0
2189	65	TrbK_RP4	4.425e-01	0
2190	72	TrbK_RP4	3.100e+00	0
2191	65	TrbK_RP4	3.756e-01	0
2192	65	TrbK_RP4	7.383e-01	0
2193	66	TrbK_RP4	2.239e+00	0
2194	66	TrbK_RP4	8.359e-01	0
2195	64	TrbK_RP4	1.148e+00	0
2196	66	TrbK_RP4	9.975e-01	0
2197	60	TraS	8.125e-01	0
2198	66	TrbK_RP4	1.372e+00	0
2199	66	Eex_IncN	6.180e-01	0
2200	69	TrbK_RP4	4.405e-02	0
2201	60	TraS	2.547e+00	0
2202	69	TraS	1.217e+00	0
2203	69	TrbK_RP4	1.718e+00	0
2204	66	TrbK_RP4	5.754e-01	0
2205	66	TrbK_RP4	6.314e-01	0
2206	66	TrbK_RP4	1.072e+00	0
2207	66	Eex_IncN	7.646e-01	0
2208	66	TrbK_RP4	5.528e-01	0
2209	66	TrbK_RP4	1.144e+00	0
2210	67	TrbK_RP4	1.074e+00	0
2211	67	TrbK_RP4	1.249e+00	0
2212	67	TrbK_RP4	4.815e-01	0
2213	67	TraS	1.745e+00	0
2214	66	TrbK_RP4	1.095e+00	0
2215	66	TrbK_RP4	4.095e-01	0
2216	66	TrbK_RP4	4.153e-01	0
2217	69	TrbK_RP4	1.604e+00	0
2218	62	TrbK_RP4	3.894e+00	0
2219	67	TrbK_RP4	1.433e+00	0
2220	72	TrbK_RP4	6.086e-01	0
2221	65	TraS	2.398e+00	0
2222	66	TrbK_RP4	8.250e-01	0
2223	66	TrbK_RP4	7.111e-01	0
2224	65	TrbK_RP4	9.580e-01	0
2225	69	TrbK_RP4	1.154e+00	0
2226	66	TrbK_RP4	6.421e-01	0
2227	66	Eex_IncN	1.584e+00	0
2228	66	Eex_IncN	1.584e+00	0
2229	65	TrbK_RP4	3.632e-01	0
2230	75	TrbK_RP4	1.163e+00	0
2231	75	TrbK_RP4	8.349e-01	0
2232	75	TrbK_RP4	6.755e-01	0
2233	108	Eex_IncN	1.341e+00	0
2234	101	TraS	1.309e+00	0
2235	249	TraS	8.129e-01	0
2236	249	TraS	3.484e-01	0
2237	117	TrbK_RP4	6.878e-01	0
2238	366	TrbK_RP4	7.931e-09	1
2239	77	TrbK_RP4	1.275e+00	0
2240	72	TrbK_RP4	2.929e+00	0
2241	72	Eex_IncN	3.386e+00	0
2242	366	TrbK_RP4	7.797e-09	1
2243	247	TrbK_RP4	7.294e-01	0
2244	60	TraS	1.428e+00	0
2245	217	ExcA	3.120e-01	0
2246	75	TraS	1.030e+00	0
2247	67	Eex_IncN	7.147e-01	0
2248	67	Eex_IncN	9.359e-01	0
2249	66	TraS	1.687e+00	0
2250	67	TrbK_RP4	1.204e+00	0
2251	66	Eex_IncN	1.925e+00	0
2252	66	Eex_IncN	1.265e+00	0
2253	67	TraS	1.074e+00	0
2254	104	TraS	4.872e-01	0
2255	69	Eex_IncN	2.665e+00	0
2256	69	TraS	3.369e+00	0
2257	69	Eex_IncN	2.101e+00	0
2258	67	TrbK_RP4	1.478e+00	0
2259	398	Eex_IncN	4.047e+00	0
2260	75	TrbK_RP4	1.838e+00	0
2261	75	TrbK_RP4	1.096e+00	0
2262	75	TrbK_RP4	9.963e-01	0
2263	75	TrbK_RP4	1.012e+00	0
2264	75	TrbK_RP4	9.166e-01	0
2265	75	TrbK_RP4	1.012e+00	0
2266	75	TrbK_RP4	9.327e-01	0
2267	75	TrbK_RP4	8.324e-01	0
2268	75	TrbK_RP4	7.876e-01	0
2269	75	TrbK_RP4	9.023e-01	0
2270	75	TrbK_RP4	6.442e-01	0
2271	142	TraS	1.124e+00	0
2272	114	Eex_IncN	2.089e+00	0
2273	96	Eex_IncN	3.921e+00	0
2274	495	TraS	1.467e+00	0
2275	438	Eex_IncN	2.318e+00	0
2276	124	ExcA	7.104e-01	0
2277	217	ExcA	7.527e-01	0
2278	396	TrbK_RP4	1.090e-14	1
2279	534	TrbK_RP4	3.192e-33	1
2280	534	TrbK_RP4	1.748e-33	1
2281	396	TrbK_RP4	9.169e-15	1
2282	140	ExcA	2.723e+00	0
2283	217	ExcA	3.203e-01	0
2284	217	ExcA	2.510e-01	0
2285	217	ExcA	2.768e-01	0
2286	386	ExcA	3.593e-02	0
2287	76	TrbK_RP4	9.953e-01	0
2288	68	TrbK_RP4	7.035e-01	0
2289	220	ExcA	3.868e-01	0
2290	311	TrbK_RP4	8.097e-09	1
2291	415	TrbK_RP4	2.903e-10	1
2292	143	ExcA	3.213e-01	0
2293	132	ExcA	3.362e-01	0
2294	143	ExcA	5.932e-01	0
2295	421	ExcA	1.848e+00	0
2296	143	TraS	5.991e-01	0
