seq_idx	aa_len	n_records	pfam_domains
0	189	1	YjaZ(102.5)
1	108	1	SLT(29.2)
2	217	1	VirB8(153.6)
3	217	1	VirB8(144.3)
4	217	2	VirB8(151.8)
5	217	1	VirB8(160.6)
6	217	1	VirB8(160.1)
7	218	1	VirB8(154.8)
8	217	1	VirB8(166.3)
9	217	1	VirB8(161.0)
10	410	1	HNH_2(40.5)
11	692	1	TraG_N(155.5)
12	693	2	TraG_N(155.9)
13	693	1	TraG_N(155.9)
14	693	1	TraG_N(155.9)
15	112	1	
16	303	1	
17	237	1	
18	430	1	Phage_integrase(71.4);Arm-DNA-bind_3(34.9)
19	164	1	SLT(30.2)
20	697	1	TraG_N(81.9)
21	296	2	
22	296	1	
23	296	1	
24	296	1	
25	296	1	
26	219	1	VirB8(153.7)
27	219	2	VirB8(153.7)
28	406	1	DDE_Tnp_ISL3(231.3);HTH_Tnp_ISL3(45.7);Zn_ribbon_ISL3(32.0)
29	526	1	DDE_Tnp_IS66(347.4);zf-IS66(66.0);DDE_Tnp_IS66_C(63.0);LZ_Tnp_IS66(61.1)
30	568	2	TraG_N(37.2)
31	217	1	VirB8(155.3)
32	217	1	VirB8(159.8)
33	162	29	
34	162	3	
35	162	2	
36	69	1	T4SS(57.4)
37	61	1	
38	485	1	Phage_integrase(31.3)
39	160	1	
40	162	1	
41	130	1	
42	112	9	
43	165	1	SLT(30.2)
44	345	1	TrbL(110.9)
45	107	2	
46	298	1	TrbL(119.8)
47	298	1	TrbL(119.5)
48	337	1	TrbL(118.6)
49	349	1	TrbL(105.2)
50	110	1	
51	298	1	TrbL(58.7)
52	524	1	TrbL(79.8)
53	64	1	
54	64	5	
55	198	1	
56	198	4	
57	198	6	
58	198	1	
59	198	1	
60	198	3	
61	198	1	
62	321	3	TrbL(108.3)
63	321	1	TrbL(108.3)
64	321	1	TrbL(108.3)
65	317	1	TrbL(108.8)
66	321	2	TrbL(108.3)
67	321	2	TrbL(108.3)
68	346	1	TrbL(153.6)
69	344	1	TrbL(86.2)
70	371	2	TrbL(71.2)
71	369	2	TrbL(152.0)
72	364	1	TrbL(151.8)
73	216	1	
74	216	1	
75	216	4	
76	216	1	
77	216	1	
78	133	1	
79	312	1	TrbL(123.6)
80	123	1	
81	321	1	TrbL(125.1)
82	311	1	TrbL(130.8)
83	312	1	TrbL(132.2)
84	312	3	TrbL(135.7)
85	327	1	TrbL(127.7)
86	400	2	Transposase_mut(524.5)
87	64	1	
88	619	1	TrwB_AAD_bind(39.9);TraG-D_C(39.3)
89	330	1	TrbL(103.3)
90	313	1	TrbL(123.1)
91	228	1	
92	315	1	TrbL(134.2)
93	190	1	
94	190	1	
95	71	1	
96	308	2	TrbL(130.2)
97	225	1	VirB8(142.9)
98	305	4	FitA-like_RHH(31.1)
99	361	1	TrbL(138.0)
100	384	3	TrbL(109.4)
101	869	1	
102	64	1	
103	160	1	
104	68	2	
105	261	1	OmpA(64.2)
106	93	1	
107	93	1	
108	110	1	
109	160	1	
110	129	1	
111	133	1	
112	133	1	
113	133	1	
114	336	1	TrbL(115.4)
115	191	1	
116	429	2	HNH_2(40.5)
117	429	1	HNH_2(40.5)
118	195	1	
119	195	1	
120	258	10	
121	429	6	HNH_2(40.5)
122	429	2	HNH_2(40.5)
123	429	437	HNH_2(40.5)
124	429	1	HNH_2(40.5)
125	264	1	
126	429	3	HNH_2(40.5)
127	160	1	
128	429	1	HNH_2(40.5)
129	137	3	
130	121	1	
131	429	1	HNH_2(40.5)
132	429	2	HNH_2(40.5)
133	31	1	
134	189	2	
135	189	1	
136	284	1	
137	320	1	TrbL(107.0)
138	319	1	TrbL(107.0)
139	364	1	TrbL(149.4)
140	364	1	TrbL(149.6)
141	364	1	TrbL(148.8)
142	157	2	TrbL(77.7)
143	364	1	TrbL(150.1)
144	364	321	TrbL(150.1)
145	397	1	TrbL(146.9)
146	364	1	TrbL(150.1)
147	364	1	TrbL(146.7)
148	288	1	TrbL(146.0)
149	286	1	TrbL(151.1)
150	226	1	TrbL(151.4)
151	187	1	TrbL(105.3)
152	364	1	TrbL(147.9)
153	364	19	TrbL(150.1)
154	383	1	TrbL(147.1)
155	588	1	
156	580	1	
157	83	1	DUF2749(63.3)
158	418	1	
159	218	1	VirB8(124.4)
160	51	1	
161	129	1	SLT(62.7)
162	365	2	
163	217	1	VirB8(160.0)
164	403	1	TrbL(114.6)
165	355	1	
166	189	1	
167	355	2	
168	355	1	
169	355	1	
170	80	1	
171	48	1	
172	355	2	
173	356	1	
174	353	1	
175	355	1	
176	356	1	
177	356	1	
178	201	1	
179	199	1	
180	199	2	
181	314	1	TrbL(121.4)
182	288	1	
183	549	1	TrbL(114.4)
184	71	1	
185	71	1	
186	314	1	TrbL(122.1)
187	86	4	DUF2749(82.8)
188	320	2	TrbL(119.0)
189	351	3	TrbL(133.2)
190	72	1	
191	370	1	
192	148	1	
193	754	1	TraG_N(52.3)
194	198	1	
195	203	1	
196	402	1	DDE_Tnp_1(87.3)
197	402	7	DDE_Tnp_1(87.3)
198	81	1	
199	370	1	TrbL(110.3)
200	99	1	
201	83	1	
202	99	1	
203	158	1	
204	147	1	
205	147	1	
206	148	1	
207	132	1	
208	149	1	
209	159	1	
210	125	5	DDE_Tnp_IS1(248.0)
211	514	1	TrbL(62.6)
212	381	1	TrbL(95.7)
213	104	1	TrbK(110.7)
214	95	1	TrbK(129.6)
215	95	4	TrbK(131.3)
216	95	1	TrbK(130.4)
217	95	1	TrbK(132.2)
218	95	1	TrbK(133.2)
219	120	1	TrbK(123.5)
220	95	1	TrbK(129.0)
221	88	6	TrbK(127.3)
222	111	1	TrbK(129.5)
223	105	1	TrbK(91.8)
224	105	1	TrbK(94.5)
225	125	1	TrbK(123.3)
226	105	1	TrbK(102.8)
227	105	2	TrbK(103.0)
228	101	1	TrbK(102.7)
229	101	1	TrbK(102.7)
230	105	1	TrbK(95.8)
231	175	2	
232	175	1	
233	334	4	TrbL(104.3)
234	334	1	TrbL(103.0)
235	341	5	TrbL(101.5)
236	315	1	TrbL(125.1)
237	340	1	TrbL(110.4)
238	338	1	TrbL(114.4)
239	340	1	TrbL(122.6)
240	361	1	TrbL(121.8)
241	153	1	
242	178	1	
243	178	1	
244	178	3	
245	178	2	
246	144	1	
247	121	1	TrbK(80.0)
248	366	1	TrbL(122.1)
249	485	1	TrbL(89.5)
250	175	1	
251	163	2	
252	358	1	DUF772(85.5);DDE_Tnp_1(44.4)
253	196	1	
254	490	1	TrbL(90.4)
255	492	3	TrbL(90.3)
256	492	1	TrbL(86.6)
257	493	3	TrbL(89.0)
258	492	1	TrbL(85.4)
259	345	1	TrbL(124.1)
260	344	1	rve_3(53.2);rve(53.1);HTH_32(47.9);HTH_29(44.5);HTH_28(44.0);HTH_23(34.0);LZ_Tnp_IS481(23.4)
261	191	1	TraG_N(37.5)
262	95	1	TrbK(128.8)
263	668	1	
264	177	1	
265	140	4	
266	332	1	TrbL(84.2)
267	404	1	TrbL(88.8)
268	406	1	TrbL(87.2)
269	334	1	TrbL(102.5)
270	311	1	TrbL(124.0)
271	305	1	TrbL(126.5)
272	121	1	
273	338	1	TrbL(149.5)
274	341	1	TrbL(146.6)
275	342	1	TrbL(149.2)
276	342	2	TrbL(147.4);TrbL_3(28.5)
277	314	1	TrbL(120.3)
278	314	1	TrbL(120.4)
279	95	1	TrbK(107.4)
280	95	1	TrbK(111.4)
281	119	1	TrbK(103.2)
282	95	1	TrbK(123.7)
283	96	1	TrbK(129.0)
284	100	1	TrbK(125.7)
285	49	1	
286	70	1	
287	236	1	
288	384	1	SLT(51.4)
289	384	1	SLT(50.7)
290	331	1	TrbL(119.7)
291	645	1	TraG_N(112.6)
292	246	1	
293	623	1	
294	95	1	TraT(51.8)
295	308	1	TrbL(136.5)
296	308	1	TrbL(127.1)
297	184	1	
298	141	4	HTH_Tnp_1(45.1);HTH_23(29.9)
299	141	2	HTH_Tnp_1(45.1);HTH_23(29.9)
300	341	1	TrbL(105.6)
301	189	1	
302	189	1	
303	29	1	
304	141	1	
305	141	1	
306	80	1	
307	181	1	DUF2059(35.5)
308	120	1	
309	342	2	TrbL(130.5)
310	308	1	TrbL(126.5)
311	47	1	
312	303	2	
313	170	1	
314	435	1	TrbL(51.2)
315	195	1	
316	316	1	TrbL(104.2)
317	318	1	TrbL(83.4)
318	349	1	TrbL(146.9)
319	349	1	TrbL(143.0)
320	348	1	TrbL(141.6)
321	165	1	
322	165	1	
323	165	1	
324	153	1	
325	140	1	
326	763	1	
327	321	1	
328	121	1	
329	115	1	
330	115	1	
331	115	1	
332	114	1	
333	115	5	
334	114	2	
335	117	1	
336	117	1	
337	117	1	
338	117	2	
339	121	1	
340	121	1	
341	117	3	
342	117	3	
343	117	1	
344	117	3	
345	117	1	
346	117	1	
347	117	1	
348	117	1	
349	117	1	
350	117	1	
351	121	3	
352	117	1	
353	117	1	
354	117	1	
355	117	1	
356	117	1	
357	117	1	
358	117	1	
359	80	1	
360	317	1	TrbL(99.7)
361	105	1	
362	393	1	TrbL(109.8)
363	627	1	TrbL(76.3)
364	290	1	TraG_N(119.4)
365	143	1	
366	234	1	VirB8(130.3)
367	232	1	VirB8(130.7)
368	161	1	
369	232	1	VirB8(141.0)
370	232	1	VirB8(142.0)
371	229	1	VirB8(140.5)
372	151	1	
373	115	1	
374	519	1	
375	388	1	
376	397	1	
377	644	1	
378	456	1	
379	30	1	
380	196	1	
381	83	1	
382	112	1	TraG_N(50.1)
383	312	1	
384	343	2	TrbL(152.0)
385	41	1	
386	48	1	
387	456	1	
388	496	1	TraG_N(95.9)
389	109	1	TraG_N(85.9)
390	631	1	TraG_N(95.1)
391	315	1	VirB8(148.8)
392	315	2	VirB8(144.0)
393	59	1	
394	107	2	YbjQ_1(25.3)
395	422	2	TrbL(73.4);TrbL_3(31.8)
396	422	1	TrbL(74.6);TrbL_3(32.4)
397	395	1	TrbL(66.0)
398	91	2	DUF2749(46.9)
399	368	1	TrbL(70.3)
400	368	1	TrbL(68.0)
401	368	1	TrbL(68.8)
402	368	1	TrbL(71.0)
403	353	2	TrbL(60.1);TrbL_3(28.2)
404	136	2	
405	191	6	
406	189	1	
407	148	1	DUF2749(55.6)
408	334	1	TrbL(94.0)
409	189	1	
410	116	1	
411	458	1	
412	142	1	
413	113	1	
414	400	1	TrbL(107.2)
415	74	1	
416	310	1	
417	310	1	
418	309	1	
419	309	1	
420	309	1	
421	310	1	
422	311	1	
423	175	1	SLT(35.6)
424	125	1	SLT(68.9)
425	362	2	HNH_2(40.8)
426	342	2	TrbL(146.6)
427	342	1	TrbL(147.2)
428	342	1	TrbL(143.7)
429	342	1	TrbL(150.2)
430	346	1	TrbL(142.8)
431	345	2	TrbL(143.0)
432	95	1	TrbK(97.3)
433	285	1	TrbL(133.0)
434	489	2	TraG_N(55.3)
435	425	1	TraG_N(55.3)
436	234	1	
437	52	1	
438	491	5	TraG_N(56.1)
439	121	1	HTH_Tnp_1(65.8)
440	271	1	SprT-like(49.6)
441	134	1	
442	137	1	
443	100	1	
444	401	1	TraG_N(131.4)
445	298	1	TraG_N(132.6)
446	697	1	TraG_N(130.0)
447	697	1	TraG_N(130.0)
448	295	1	TraG_N(132.5)
449	1008	1	DDE_Tnp_Tn3(369.1);DUF4158(107.8)
450	141	1	
451	554	1	TrwB_AAD_bind(446.4);TraG-D_C(89.2);T4SS-DNA_transf(89.2);DUF87(28.9)
452	115	1	
453	64	2	
454	132	32	
455	233	5	
456	174	1	
457	93	1	
458	166	1	
459	165	1	
460	42	1	
461	42	1	
462	258	1	
463	149	1	Phage_integrase(128.3)
464	192	1	
465	165	1	
466	428	1	
467	73	1	
468	81	1	
469	175	4	
470	71	1	
471	218	1	
472	218	8	
473	218	5	
474	218	1	
475	42	2	
476	524	1	
477	114	2	
478	272	1	
479	167	5	
480	131	2	
481	131	1	
482	80	1	
483	87	1	
484	175	1	
485	705	1	
486	263	1	
487	172	1	
488	167	1	
489	180	2	
490	175	1	
491	47	1	
492	169	7	
493	169	1	
494	54	1	
495	177	27	
496	169	1	
497	169	1	
498	169	1	
499	169	1	
500	43	2	
501	57	1	
502	169	1	
503	89	1	
504	147	1	
505	169	91	
506	169	1	
507	169	1	
508	96	1	
509	169	1	
510	169	1	
511	169	2	
512	151	1	
513	169	2	
514	151	14	
515	151	1	
516	169	1	
517	169	286	
518	417	1	TraT(276.9)
519	169	160	
520	169	3	
521	146	1	
522	169	1	
523	169	19	
524	169	1	
525	169	5	
526	63	1	
527	169	2	
528	151	1	
529	46	1	
530	169	2	
531	169	1	
532	29	2	
533	169	6	
534	169	1	
535	69	2	
536	169	75	
537	169	3	
538	169	2	
539	133	1	
540	169	1	
541	169	4	
542	157	2	
543	169	8	
544	169	4	
545	169	1	
546	169	1	
547	169	4	
548	170	1	
549	169	1	
550	169	1	
551	169	2	
552	169	3	
553	169	7	
554	169	1	
555	169	3	
556	169	1	
557	169	1	
558	169	3	
559	169	98	
560	169	1	
561	169	1	
562	169	3	
563	169	5	
564	169	1	
565	130	1	
566	171	13	
567	171	2	
568	181	2	
569	182	1	
570	182	6	
571	182	334	
572	182	1	
573	182	1	
574	181	1	
575	181	2	
576	175	3	
577	169	1	
578	190	1	
579	190	1	
580	237	2	
581	173	1	
582	109	2	
583	173	1	
584	173	1	
585	173	337	
586	173	1	
587	173	1	
588	167	2	
589	173	1	
590	168	1	
591	173	1	
592	173	4	
593	173	2	
594	173	2	
595	173	117	
596	173	1	
597	173	2	
598	167	1	
599	167	1	
600	167	1	
601	173	2	
602	173	6	
603	167	3	
604	167	1	
605	172	1	
606	80	1	
607	538	1	TrbL(91.2)
608	62	1	DUF2749(52.3)
609	176	1	
610	269	1	
611	70	1	
612	70	1	
613	70	6	
614	117	1	
615	71	1	
616	189	1	
617	70	1	
618	70	1	
619	70	4	
620	70	1	
621	239	1	
622	251	1	
623	151	1	Y1_Tnp(141.5)
624	335	1	TrbL(117.9)
625	325	1	TrbL(116.3)
626	251	2	
627	59	1	
628	62	3	
629	69	1	
630	69	1	
631	253	1	TraF(116.6)
632	78	1	
633	167	1	
634	167	1	
635	167	1	
636	167	2	
637	104	1	
638	519	1	TrbL(113.8)
639	519	2	TrbL(113.8)
640	519	4	TrbL(113.8)
641	519	1	TrbL(113.8)
642	519	30	TrbL(113.8)
643	519	1	TrbL(113.8)
644	411	1	TrbL(114.6)
645	517	2	TrbL(113.8)
646	519	9	TrbL(112.1)
647	53	1	
648	70	4	
649	206	2	
650	206	1	
651	91	1	
652	172	1	
653	176	2	
654	69	1	
655	127	1	
656	127	1	
657	215	4	HTH_Tnp_1(54.9);HTH_23(35.9)
658	71	1	
659	238	1	KfrA_N(36.7)
660	127	2	TrbK(46.5)
661	69	1	
662	69	1	
663	72	1	
664	72	1	
665	72	1	
666	72	1	
667	177	1	
668	172	1	
669	178	1	
670	66	1	
671	69	1	
672	62	1	
673	395	1	TrbL(54.4)
674	144	1	
675	117	1	
676	529	1	
677	191	1	
678	194	1	
679	179	1	
680	179	1	
681	112	1	
682	473	1	
683	42	1	
684	62	4	
685	257	3	
686	109	1	
687	59	1	
688	63	1	
689	153	1	
690	153	1	
691	153	40	
692	153	1	
693	153	1	
694	176	1	
695	176	1	
696	176	3	
697	178	1	
698	178	1	
699	178	1	
700	178	1	
701	176	1	
702	177	1	
703	177	1	
704	177	1	
705	177	1	
706	176	1	
707	178	1	
708	176	1	
709	177	1	
710	79	1	
711	262	1	TrbM(118.7)
712	261	1	TrbM(116.8)
713	436	3	
714	436	2	
715	114	2	
716	114	2	
717	117	1	
718	114	11	
719	114	2	
720	114	2	
721	114	2	
722	534	1	TrbL(105.3)
723	535	4	TrbL(103.7)
724	535	1	TrbL(102.8)
725	535	1	TrbL(103.2)
726	535	9	TrbL(103.2)
727	106	2	
728	72	1	
729	72	1	
730	69	1	
731	78	3	
732	78	1	
733	79	1	
734	81	1	
735	111	1	
736	61	1	
737	130	1	
738	377	1	DUF4172(88.0);Fic(57.4)
739	123	1	TrbK(43.1)
740	87	1	HTH_Tnp_1(82.1)
741	87	3	HTH_Tnp_1(84.7);HTH_28(29.0)
742	87	1	HTH_Tnp_1(83.5);HTH_28(28.9)
743	206	1	
744	191	1	
745	100	1	HTH_Tnp_1(54.5)
746	185	1	
747	169	1	
748	72	2	
749	71	1	
750	73	4	
751	74	2	
752	177	1	
753	178	2	
754	436	1	
755	436	3	
756	149	2	
757	62	1	
758	62	2	
759	62	4	
760	62	4	
761	62	1	
762	42	2	
763	54	1	
764	72	1	
765	108	1	
766	41	1	
767	66	5	
768	66	1	
769	66	12	
770	66	1	
771	66	1	
772	243	1	TraT(277.5)
773	243	2	TraT(277.6)
774	61	3	
775	137	1	
776	166	1	
777	263	1	
778	53	5	
779	53	1	
780	69	1	
781	123	1	
782	145	1	
783	186	2	
784	186	1	
785	186	2	
786	69	1	
787	263	1	
788	264	1	
789	55	1	
790	108	1	
791	885	1	F_T4SS_TraN(138.0)
792	189	1	
793	111	5	
794	195	1	
795	195	1	
796	67	1	
797	525	1	
798	82	2	
799	83	1	
800	83	3	
801	83	2	
802	83	3	
803	191	1	
804	77	1	
805	392	1	TrbL(111.2)
806	271	1	Sel1(63.6)
807	271	1	Sel1(62.3)
808	665	1	TrwB_AAD_bind(364.9);TraG-D_C(69.0);T4SS-DNA_transf(59.6)
809	192	2	
810	192	1	
811	192	1	
812	192	1	
813	192	1	
814	667	7	TrwB_AAD_bind(365.3);TraG-D_C(70.6);T4SS-DNA_transf(61.0)
815	71	4	
816	71	2	
817	71	3	
818	62	1	
819	62	1	
820	145	1	
821	140	1	
822	59	8	
823	59	1	
824	435	1	TrbL(129.0)
825	444	1	
826	132	9	
827	132	1	
828	132	12	
829	132	1	
830	177	1	
831	242	5	TraT(270.4)
832	41	1	
833	80	1	
834	80	3	
835	80	4	
836	191	1	
837	186	1	
838	186	2	
839	186	2	
840	186	21	
841	82	1	
842	186	1	
843	186	2	
844	37	1	
845	186	2	
846	111	1	
847	186	13	
848	158	1	
849	82	2	
850	186	13	
851	186	1	
852	186	2	
853	186	1	
854	186	2	
855	186	1	
856	186	13	
857	186	1	
858	186	1	
859	186	1	
860	191	1	
861	193	2	
862	191	1	
863	186	5	
864	196	1	
865	192	1	
866	192	1	
867	192	5	
868	192	2	
869	958	1	TraG_N(47.0)
870	177	1	
871	77	1	MazE_antitoxin(26.7)
872	179	7	
873	46	1	
874	209	3	
875	45	1	
876	112	1	
877	112	2	
878	112	1	
879	211	1	
880	141	1	
881	534	1	TrbL(96.4)
882	534	1	TrbL(97.3)
883	57	1	
884	177	1	
885	134	4	HTH_Tnp_1(44.4)
886	493	1	DUF4116(28.1)
887	166	1	
888	189	1	
889	418	1	TrbL(114.5)
890	300	1	rve(93.3);HTH_21(74.0);rve_3(36.5)
891	161	1	TraT(131.9)
892	243	1	TraT(279.1)
893	185	1	
894	452	4	
895	70	1	
896	70	1	
897	70	3	
898	70	2	
899	70	3	
900	107	1	
901	302	1	
902	76	1	
903	60	1	
904	144	1	
905	176	1	
906	178	1	
907	178	1	
908	177	1	
909	190	1	
910	219	1	
911	186	1	
912	241	1	
913	191	2	
914	191	3	
915	191	2	
916	191	1	
917	76	2	
918	60	2	
919	202	1	
920	184	1	
921	184	1	
922	178	1	
923	184	1	
924	71	1	
925	145	1	
926	68	7	
927	68	1	
928	68	2	
929	68	1	
930	582	1	TrbL(125.5)
931	338	1	
932	382	1	TrbL(111.4)
933	166	1	HTH_Tnp_1(44.8)
934	85	1	
935	153	1	
936	117	1	
937	103	1	
938	111	1	
939	155	5	
940	512	1	
941	63	1	
942	190	1	
943	59	1	
944	235	2	
945	106	1	
946	106	1	
947	117	1	
948	117	1	
949	117	1	
950	243	1	VirB8(155.5)
951	197	1	
952	106	1	YbaB_DNA_bd(53.9)
953	411	1	TrbL(52.6)
954	112	1	
955	202	1	TrbL(83.8)
956	254	1	TraG_N(114.2)
957	316	1	
958	127	1	
959	164	1	
960	164	1	
961	67	1	
962	67	1	
963	67	1	
964	67	2	
965	67	14	
966	67	15	
967	63	1	
968	62	1	
969	165	1	
970	192	1	
971	192	1	
972	371	1	TrbL(108.3)
973	371	1	TrbL(108.3)
974	120	1	
975	170	1	
976	199	2	
977	218	1	
978	185	1	
979	185	1	
980	185	1	
981	185	2	
982	120	1	
983	120	1	
984	78	1	
985	187	2	
986	92	1	
987	187	1	
988	187	3	
989	187	13	
990	187	1	
991	187	1	
992	187	6	
993	187	2	
994	187	11	
995	186	1	
996	177	1	
997	175	1	
998	175	15	
999	181	1	
1000	181	3	
1001	174	1	
1002	174	1	
1003	149	1	
1004	174	9	
1005	106	1	
1006	174	2	
1007	127	1	
1008	174	23	
1009	127	1	
1010	174	226	
1011	174	2	
1012	174	1	
1013	174	4	
1014	144	1	
1015	177	6	
1016	177	2	
1017	178	1	
1018	174	7	
1019	174	2	
1020	178	4	
1021	178	1	
1022	176	1	
1023	177	6	
1024	177	1	
1025	177	2	
1026	177	16	
1027	177	2	
1028	177	1	
1029	177	1	
1030	177	1	
1031	177	1	
1032	177	1	
1033	177	3	
1034	194	1	
1035	171	1	
1036	171	1	
1037	171	1	
1038	171	1	
1039	171	1	
1040	176	1	
1041	185	1	
1042	91	1	
1043	150	1	
1044	69	1	
1045	115	1	
1046	64	1	
1047	176	7	
1048	532	1	
1049	64	1	
1050	189	1	
1051	189	1	
1052	189	1	
1053	189	7	
1054	189	2	
1055	189	7	
1056	176	1	
1057	176	1	
1058	176	1	
1059	176	45	
1060	149	1	
1061	176	1	
1062	162	1	
1063	176	58	
1064	186	1	
1065	192	1	
1066	176	6	
1067	176	1	
1068	176	7	
1069	176	1	
1070	176	2	
1071	176	30	
1072	232	1	
1073	149	1	
1074	176	1	
1075	176	87	
1076	232	1	
1077	107	1	
1078	176	24	
1079	192	1	
1080	176	8	
1081	176	2	
1082	176	1	
1083	176	328	
1084	232	3	
1085	176	4	
1086	192	1	
1087	107	1	
1088	93	4	
1089	84	1	
1090	176	9	
1091	176	2	
1092	149	5	
1093	147	6	
1094	124	2	
1095	114	1	
1096	176	40	
1097	176	17	
1098	93	1	
1099	176	1	
1100	177	1	
1101	205	1	
1102	205	4	
1103	205	1	
1104	177	217	
1105	205	1	
1106	176	1	
1107	176	2	
1108	176	4	
1109	176	2	
1110	176	4	
1111	176	4	
1112	176	20	
1113	176	1	
1114	176	1	
1115	176	4	
1116	834	1	
1117	233	1	
1118	81	1	
1119	81	19	
1120	81	1	
1121	139	2	
1122	168	1	
1123	168	1	
1124	168	1	
1125	68	1	
1126	1756	1	TrwC(262.1);TraI_C(141.8);AAA_30(131.8);TraI_hel_assoc_N(123.0);TraI_2B(110.8);ssDNA_TraI_N(95.3);AAA_19(49.9)
1127	646	1	
1128	176	1	
1129	149	1	
1130	174	5	
1131	176	1	
1132	220	1	
1133	220	1	
1134	516	1	
1135	220	1	
1136	516	1	
1137	515	1	
1138	176	1	
1139	176	1	
1140	176	1	
1141	176	1	
1142	176	1	
1143	177	1	
1144	177	3	
1145	177	1	
1146	140	1	
1147	186	1	
1148	186	1	
1149	186	1	
1150	152	1	
1151	63	1	
1152	70	19	
1153	95	1	
1154	149	4	
1155	68	5	
1156	342	1	TrbL(146.0)
1157	342	1	TrbL(146.0)
1158	354	1	TrbL(109.5)
1159	354	1	TrbL(110.1)
1160	352	1	TrbL(114.3)
1161	457	1	TrbL(172.5)
1162	331	2	TrbL(116.4)
1163	331	6	TrbL(118.4)
1164	325	1	TrbL(118.4)
1165	331	1	TrbL(118.4)
1166	331	3	TrbL(118.4)
1167	331	1	TrbL(116.4)
1168	331	9	TrbL(116.9)
1169	331	4	TrbL(116.9)
1170	331	18	TrbL(116.9)
1171	331	1	TrbL(116.1)
1172	331	3	TrbL(114.7)
1173	341	1	TrbL(102.8)
1174	434	1	TrbL(181.9)
1175	209	1	
1176	505	1	TrwB_AAD_bind(212.8);TraG-D_C(40.3);T4SS-DNA_transf(35.6);DUF87(31.8)
1177	511	1	DDE_Tnp_IS66(351.3);DDE_Tnp_IS66_C(62.0);LZ_Tnp_IS66(55.2);zf-IS66(53.5)
1178	209	3	
1179	458	1	TrbL(172.7)
1180	457	1	TrbL(171.3)
1181	443	1	TrbL(174.1)
1182	455	1	TrbL(178.6)
1183	111	1	
1184	195	1	
1185	258	1	SLT(31.5)
1186	330	1	TrbL(110.5)
1187	330	1	TrbL(110.5)
1188	330	2	TrbL(109.8)
1189	330	1	TrbL(113.6)
1190	326	1	TrbL(111.8)
1191	330	7	TrbL(112.5)
1192	330	1	TrbL(112.5)
1193	77	1	
1194	330	1	TrbL(111.0)
1195	330	3	TrbL(111.2)
1196	330	7	TrbL(112.5)
1197	330	22	TrbL(111.7)
1198	330	1	TrbL(112.6)
1199	330	1	TrbL(111.7)
1200	330	2	TrbL(111.2)
1201	330	1	TrbL(112.0)
1202	330	2	TrbL(116.1)
1203	330	1	TrbL(117.0)
1204	238	2	
1205	342	1	TrbL(151.9)
1206	342	1	TrbL(153.6)
1207	342	1	TrbL(152.9)
1208	342	4	TrbL(152.9)
1209	342	1	TrbL(152.6)
1210	342	1	TrbL(152.1)
1211	356	1	TrbL(145.4)
1212	567	1	
1213	154	1	
1214	154	8	
1215	347	1	TrbL(107.3)
1216	347	1	TrbL(107.2)
1217	347	1	TrbL(106.8)
1218	347	1	TrbL(107.6)
1219	347	1	TrbL(107.5)
1220	347	1	TrbL(107.2)
1221	347	1	TrbL(107.2)
1222	347	1	TrbL(107.1)
1223	347	1	TrbL(109.0)
1224	674	1	TraG_N(90.9)
1225	177	1	
1226	177	1	
1227	177	2	
1228	177	1	
1229	177	2	
1230	114	1	
1231	114	3	
1232	114	14	
1233	114	1	
1234	68	1	
1235	57	1	
1236	186	1	
1237	186	1	
1238	177	1	
1239	195	3	
1240	186	1	
1241	117	1	
1242	139	1	
1243	86	1	
1244	103	1	HTH_Tnp_1(50.2);HTH_28(26.6)
1245	229	1	
1246	65	1	
1247	282	1	VirB8(143.1)
1248	271	3	VirB8(144.7)
1249	282	1	VirB8(144.5)
1250	282	1	VirB8(144.5)
1251	271	3	VirB8(144.7)
1252	282	1	VirB8(144.5)
1253	282	3	VirB8(144.5)
1254	282	1	VirB8(144.5)
1255	282	2	VirB8(144.5)
1256	282	1	VirB8(144.5)
1257	271	1	VirB8(143.1)
1258	175	1	
1259	44	1	
1260	193	1	
1261	68	3	DUF2749(37.5)
1262	68	1	DUF2749(35.4)
1263	275	2	
1264	141	1	
1265	141	5	
1266	107	1	
1267	332	21	TrbL(116.3)
1268	325	1	TrbL(113.3)
1269	332	1	TrbL(119.2)
1270	332	3	TrbL(116.3)
1271	332	2	TrbL(118.1)
1272	315	1	TrbL(113.5)
1273	332	1	TrbL(119.5)
1274	281	1	TrbL(120.7)
1275	332	30	TrbL(119.5)
1276	332	1	TrbL(120.0)
1277	332	3	TrbL(120.0)
1278	332	1	TrbL(119.2)
1279	104	1	T4SS(33.6)
1280	105	1	T4SS(33.5)
1281	64	1	
1282	198	1	
1283	130	1	
1284	137	1	
1285	130	5	
1286	130	1	
1287	189	2	
1288	189	1	
1289	189	1	
1290	207	1	
1291	53	1	
1292	81	1	
1293	234	7	DDE_Tnp_IS240(164.3);rve(37.3);DDE_Tnp_IS66(27.3)
1294	234	1	DDE_Tnp_IS240(164.0);rve(37.4);DDE_Tnp_IS66(27.3)
1295	234	7	DDE_Tnp_IS240(166.4);rve(37.3);DDE_Tnp_IS66(27.4)
1296	170	1	DDE_Tnp_IS240(80.0);DDE_Tnp_IS66(28.0)
1297	540	1	TrbL(47.2)
1298	492	25	TrbL(84.9)
1299	491	1	TrbL(84.7)
1300	491	1	TrbL(84.9)
1301	53	1	
1302	596	1	
1303	315	1	T2SSE(134.6);UCP018868(31.2)
1304	315	5	T2SSE(133.0);UCP018868(31.4)
1305	315	4	T2SSE(135.0);UCP018868(31.3)
1306	188	2	
1307	188	1	
1308	224	1	T2SSE(73.3);UCP018868(31.8)
1309	315	10	T2SSE(135.8);UCP018868(32.8)
1310	315	1	T2SSE(135.5);UCP018868(32.9)
1311	315	1	T2SSE(135.8);UCP018868(32.8)
1312	315	1	T2SSE(135.9);UCP018868(33.0)
1313	315	3	T2SSE(137.4);UCP018868(33.0)
1314	315	1	T2SSE(135.4);UCP018868(34.9)
1315	315	3	T2SSE(130.7);UCP018868(33.4)
1316	123	1	
1317	106	1	
1318	315	4	T2SSE(136.6);UCP018868(33.2)
1319	188	4	
1320	189	1	
1321	315	29	T2SSE(138.0);UCP018868(33.0)
1322	315	1	T2SSE(136.8);UCP018868(33.5);FtsK_SpoIIIE(24.5)
1323	315	1	T2SSE(136.9);UCP018868(32.8)
1324	198	1	SNase(21.1)
1325	579	1	TrbL(109.4)
1326	117	1	MerR(52.0);MerR_1(41.2);HTH_17(31.6)
1327	332	5	TrbL(117.1)
1328	332	2	TrbL(120.0)
1329	332	1	TrbL(120.0)
1330	336	1	TrbL(108.6)
1331	260	1	
1332	263	1	
1333	107	1	
1334	189	1	
1335	293	1	
1336	202	1	
1337	290	1	TraG_N(51.4)
1338	691	1	TrwB_AAD_bind(375.6);TraG-D_C(64.4);T4SS-DNA_transf(53.6);TraD_N(33.5)
1339	339	1	TrbL(137.2)
1340	181	1	
1341	492	1	
1342	445	2	DUF772(71.5);DDE_Tnp_1(45.5);DDE_Tnp_1_6(27.3)
1343	86	1	DUF2749(72.9)
1344	289	1	
1345	581	1	TrbL(132.1)
1346	93	1	
1347	91	1	
1348	326	1	TrbL(92.6)
1349	297	1	
1350	215	2	
1351	216	2	
1352	216	1	
1353	216	2	
1354	216	6	
1355	133	1	
1356	145	1	
1357	343	1	DDE_3(80.2);HTH_32(40.0);HTH_23(36.5);HTH_29(29.9);HTH_33(28.8)
1358	519	9	TrbL(103.8)
1359	343	1	DDE_3(86.6);HTH_23(40.4);HTH_32(39.4);HTH_29(35.9);HTH_28(29.5)
1360	139	1	
1361	57	1	
1362	57	1	
1363	83	1	
1364	83	1	
1365	72	17	
1366	83	1	
1367	83	2	
1368	83	1	
1369	83	2	PhdYeFM_antitox(31.1)
1370	83	2	
1371	83	1	
1372	249	1	DUF4096(76.9);DDE_Tnp_1(71.8);DDE_Tnp_1_2(39.4);DDE_Tnp_1_3(37.8);DDE_Tnp_4(35.5)
1373	132	1	
1374	274	2	
1375	274	1	
1376	334	1	TrbL(55.1)
1377	513	1	Mu-transpos_C_2(59.4);rve(40.1)
1378	55	2	
1379	276	1	
1380	278	1	DDE_Tnp_1(123.5);DUF4096(95.7);DDE_Tnp_1_2(34.1)
1381	88	1	
1382	427	1	
1383	242	1	
1384	757	1	
1385	295	2	
1386	65	1	
1387	171	1	
1388	112	1	
1389	177	1	
1390	202	1	
1391	493	1	
1392	184	4	
1393	184	2	
1394	263	1	
1395	168	1	MobI(79.8)
1396	289	1	
1397	96	1	
1398	70	1	
1399	70	8	
1400	70	13	
1401	70	32	
1402	70	1	
1403	65	1	
1404	70	1	
1405	71	1	
1406	70	2	
1407	71	2	
1408	186	1	TraG_N(86.5)
1409	172	1	
1410	172	1	
1411	331	1	TrbL(122.8)
1412	331	2	TrbL(122.8)
1413	475	1	
1414	342	1	
1415	474	1	
1416	114	1	
1417	476	1	
1418	642	1	TrwB_AAD_bind(430.1);TraG-D_C(82.4);T4SS-DNA_transf(61.0)
1419	70	1	
1420	94	1	
1421	94	1	
1422	70	2	
1423	38	1	
1424	542	2	TrbL(103.7)
1425	541	1	TrbL(103.7)
1426	542	17	TrbL(103.1)
1427	542	1	TrbL(103.1)
1428	541	1	TrbL(103.1)
1429	256	1	S1-P1_nuclease(155.1)
1430	66	1	
1431	82	1	
1432	62	1	
1433	106	5	
1434	84	1	
1435	66	1	
1436	210	1	
1437	72	1	
1438	183	2	
1439	183	1	
1440	111	1	
1441	124	6	TrbK(49.4)
1442	124	1	TrbK(49.2)
1443	402	1	DDE_Tnp_1(89.4)
1444	164	1	
1445	164	7	
1446	57	2	
1447	57	2	
1448	144	1	
1449	225	1	VirB8(132.8)
1450	95	1	
1451	74	1	
1452	163	1	
1453	65	1	
1454	65	1	
1455	66	3	
1456	163	1	
1457	54	1	
1458	560	1	TrbL(101.8)
1459	68	1	DUF2749(30.7)
1460	196	1	
1461	177	1	
1462	225	1	VirB8(138.7)
1463	218	1	VirB8(102.5)
1464	187	1	
1465	185	1	
1466	176	1	
1467	361	1	TraG_N(138.5)
1468	130	1	TraG_N(103.0)
1469	59	2	
1470	284	1	
1471	185	2	
1472	185	3	
1473	185	4	
1474	185	2	
1475	185	8	
1476	155	1	
1477	185	2	
1478	452	2	TrbL(90.7)
1479	57	2	
1480	443	1	TrbL(91.1)
1481	146	1	
1482	89	1	
1483	82	1	
1484	57	1	
1485	57	4	
1486	57	1	
1487	57	2	
1488	57	1	
1489	57	1	
1490	234	1	OmpA(59.6)
1491	641	1	TraG_N(82.4)
1492	191	1	
1493	141	3	
1494	480	1	TrbL(84.5)
1495	550	1	TrbL(87.6)
1496	550	1	TrbL(87.6)
1497	544	1	TrbL(90.2)
1498	224	1	VirB8(157.6)
1499	61	1	
1500	128	1	
1501	157	1	
1502	607	1	TrwB_AAD_bind(363.5);TraG-D_C(77.2);T4SS-DNA_transf(50.9)
1503	66	1	
1504	57	1	
1505	80	1	TraG_N(38.5)
1506	104	1	TrbK(35.0)
1507	120	1	
1508	57	1	
1509	103	1	
1510	144	1	
1511	66	1	VapB_antitoxin(25.6)
1512	83	1	PhdYeFM_antitox(82.0)
1513	83	2	PhdYeFM_antitox(81.7)
1514	83	1	PhdYeFM_antitox(82.7)
1515	192	1	
1516	192	1	
1517	191	5	
1518	191	8	
1519	170	1	
1520	90	1	
1521	165	1	
1522	553	1	
1523	467	1	HTH_28(37.3);HTH_23(29.6)
1524	65	3	
1525	54	1	
1526	65	1	
1527	415	1	
1528	416	1	
1529	322	1	
1530	124	1	TrbK(55.2)
1531	187	3	
1532	188	1	
1533	123	1	
1534	216	2	
1535	135	1	
1536	190	1	
1537	131	2	
1538	137	1	
1539	128	1	
1540	359	1	TrbL(154.6)
1541	359	16	TrbL(157.5)
1542	281	1	TrbL(158.3)
1543	359	1	TrbL(157.4)
1544	190	1	TrbL(113.2)
1545	359	41	TrbL(157.5)
1546	359	1	TrbL(157.5)
1547	124	1	YbaB_DNA_bd(34.7)
1548	221	1	VirB8(137.2)
1549	221	1	VirB8(140.0)
1550	221	1	VirB8(139.3)
1551	221	1	VirB8(141.8)
1552	221	3	VirB8(141.2)
1553	149	1	
1554	357	1	TrbL(159.8)
1555	653	1	TrwB_AAD_bind(361.3);TraG-D_C(69.1);T4SS-DNA_transf(60.0)
1556	653	1	TrwB_AAD_bind(364.2);TraG-D_C(69.0);T4SS-DNA_transf(59.2)
1557	653	1	TrwB_AAD_bind(362.2);TraG-D_C(69.4);T4SS-DNA_transf(59.7)
1558	189	1	Whirly(23.7)
1559	92	2	HTH_Tnp_1(71.7);Terminase_5(25.7);HTH_23(24.7)
1560	111	1	
1561	111	1	
1562	111	12	
1563	216	3	
1564	216	2	
1565	491	1	
1566	81	1	
1567	81	1	
1568	81	2	
1569	81	1	
1570	221	1	VirB8(138.6)
1571	43	1	
1572	326	1	DDE_Tnp_1(121.7);DUF772(89.2)
1573	326	6	DDE_Tnp_1(121.7);DUF772(89.2)
1574	330	1	DDE_Tnp_1(123.1);DUF772(89.1)
1575	326	3	DDE_Tnp_1(123.1);DUF772(89.2)
1576	326	1	DDE_Tnp_1(125.0);DUF772(89.2)
1577	326	17	DDE_Tnp_1(123.1);DUF772(89.0)
1578	137	1	
1579	229	1	VirB8(135.7)
1580	237	2	VirB8(128.6)
1581	584	1	TraG_N(46.4)
1582	691	1	TrwB_AAD_bind(376.3);TraG-D_C(64.9);T4SS-DNA_transf(54.6);TraD_N(31.3)
1583	691	1	TrwB_AAD_bind(377.1);TraG-D_C(64.7);T4SS-DNA_transf(55.1);TraD_N(31.3)
1584	691	1	TrwB_AAD_bind(374.4);TraG-D_C(64.6);T4SS-DNA_transf(54.0);TraD_N(31.3)
1585	175	1	
1586	141	1	
1587	225	1	VirB8(140.4)
1588	74	1	
1589	226	1	VirB8(143.8)
1590	225	1	VirB8(137.6)
1591	86	1	
1592	86	4	
1593	219	1	
1594	178	1	
1595	178	1	
1596	142	1	
1597	74	2	
1598	311	1	
1599	379	1	TrbL(83.7)
1600	208	1	
1601	178	1	
1602	116	3	
1603	119	1	
1604	591	1	UvrD-helicase(130.9);UvrD_C(82.7);AAA_19(70.6);UvrD_C_2(32.5);AAA_30(27.6);Viral_helicase1(24.5);AAA(22.5)
1605	624	1	
1606	205	1	
1607	170	1	
1608	207	1	
1609	220	1	
1610	72	1	
1611	108	1	
1612	189	1	
1613	189	6	
1614	123	1	
1615	119	22	
1616	119	25	
1617	165	2	
1618	165	2	
1619	74	1	
1620	111	1	
1621	191	1	
1622	76	1	T4SS(28.3)
1623	623	1	TrwB_AAD_bind(443.9);TraG-D_C(67.4);T4SS-DNA_transf(49.0)
1624	319	1	T2SSE(116.1);UCP018868(29.4)
1625	319	1	T2SSE(116.5);UCP018868(28.9)
1626	297	1	
1627	297	1	
1628	965	1	DDE_Tnp_Tn3(435.3);DUF4158(163.2)
1629	60	2	
1630	340	1	TrbL(99.3)
1631	402	2	T5orf172(28.4)
1632	126	1	
1633	183	1	Bro-N(75.1)
1634	184	1	Bro-N(81.1)
1635	194	1	Phage_pRha(104.1)
1636	194	2	Phage_pRha(100.1)
1637	325	1	TrbL(125.8)
1638	61	1	
1639	162	1	RadC(145.2)
1640	63	1	
1641	691	1	TrwB_AAD_bind(377.1);TraG-D_C(65.7);T4SS-DNA_transf(55.0);TraD_N(33.4)
1642	338	1	HTH_38(63.4);rve(46.7);HTH_23(30.1)
1643	372	1	
1644	83	2	
1645	99	1	
1646	84	1	
1647	221	1	VirB8(127.6)
1648	221	1	VirB8(127.2)
1649	459	1	
1650	458	1	
1651	215	1	VirB8(143.3)
1652	77	1	
1653	77	1	
1654	331	2	TrbL(123.6)
1655	351	1	TrbL(124.6)
1656	137	1	
1657	344	2	Epimerase(87.8);3Beta_HSD(82.3);NAD_binding_10(48.0);NAD_binding_4(38.3);RmlD_sub_bind(38.0);NmrA(30.8);GDP_Man_Dehyd(29.0)
1658	80	6	DUF2749(48.9)
1659	80	1	DUF2749(47.2)
1660	34	1	
1661	640	1	
1662	560	1	
1663	558	1	
1664	558	1	
1665	177	1	
1666	178	2	
1667	192	1	
1668	204	1	
1669	141	3	
1670	141	3	
1671	141	1	
1672	141	2	
1673	141	1	
1674	141	1	
1675	141	1	
1676	125	1	
1677	424	1	DDE_Tnp_1(96.5)
1678	70	1	
1679	393	1	TrbL(112.1)
1680	177	1	
1681	177	1	
1682	177	1	
1683	175	1	
1684	621	1	
1685	575	1	
1686	225	1	VirB8(140.4)
1687	225	1	VirB8(136.8)
1688	156	1	
1689	229	1	
1690	229	1	
1691	229	20	
1692	229	3	
1693	229	1	
1694	229	1	
1695	229	7	
1696	229	1	
1697	229	1	
1698	108	1	HTH_Tnp_1(44.7)
1699	108	1	HTH_Tnp_1(45.4)
1700	108	2	HTH_Tnp_1(46.7)
1701	297	1	Abhydrolase_1(104.5);Abhydrolase_6(70.0);Hydrolase_4(57.4)
1702	63	1	
1703	99	2	HTH_Tnp_1(40.4)
1704	610	1	UvrD-helicase(136.7);UvrD_C(69.1);AAA_19(63.0);UvrD_C_2(38.1);ResIII(24.0);Viral_helicase1(22.1)
1705	137	2	
1706	418	1	TrbL(54.9)
1707	225	1	EAL(103.7)
1708	37	1	
1709	542	1	TrbL(52.5)
1710	104	1	
1711	105	1	
1712	141	1	
1713	198	1	
1714	107	1	TrbK(93.5)
1715	147	1	
1716	77	2	
1717	82	1	
1718	82	1	
1719	231	1	
1720	231	20	
1721	173	1	
1722	408	1	DDE_Tnp_ISL3(219.9);HTH_Tnp_ISL3(60.7)
1723	153	2	HTH_17(51.6)
1724	441	1	TrbL(172.6)
1725	286	1	
1726	81	1	
1727	89	1	
1728	317	1	TraG_N(98.1)
1729	615	1	TraG_N(96.3)
1730	615	1	TraG_N(96.3)
1731	60	1	
1732	604	3	TrwB_AAD_bind(365.9);TraG-D_C(76.0);T4SS-DNA_transf(57.5)
1733	604	1	TrwB_AAD_bind(363.3);TraG-D_C(76.1);T4SS-DNA_transf(57.3)
1734	604	1	TrwB_AAD_bind(362.5);TraG-D_C(76.0);T4SS-DNA_transf(57.5)
1735	604	1	TrwB_AAD_bind(365.0);TraG-D_C(75.7);T4SS-DNA_transf(57.4)
1736	188	1	
1737	388	1	TrbL(111.3)
1738	664	1	TcpQ(28.9)
1739	664	3	TcpQ(28.5)
1740	57	1	
1741	123	1	
1742	141	3	
1743	392	1	TrbL(110.9)
1744	225	3	
1745	414	1	TrbL(78.3)
1746	66	1	
1747	64	1	
1748	392	1	TrbL(107.0)
1749	392	1	TrbL(107.4)
1750	392	3	TrbL(111.9)
1751	392	1	TrbL(112.5)
1752	392	1	TrbL(112.5)
1753	392	1	TrbL(110.8)
1754	385	1	TrbL(108.7)
1755	46	1	
1756	395	1	TrbL(110.8)
1757	77	1	
1758	77	1	
1759	517	1	
1760	375	1	TrbL(113.7)
1761	609	1	TraG_N(99.1)
1762	303	1	
1763	283	2	
1764	231	4	
1765	231	2	
1766	141	1	
1767	121	1	
1768	64	1	
1769	941	1	TraG_N(38.0)
1770	76	1	
1771	218	5	VirB8(171.4)
1772	218	2	VirB8(168.4)
1773	218	3	VirB8(172.9)
1774	218	5	VirB8(168.5)
1775	218	1	VirB8(167.6)
1776	218	1	VirB8(170.3)
1777	218	1	VirB8(166.6)
1778	218	1	VirB8(170.7)
1779	166	1	VirB8(109.8)
1780	218	1	VirB8(170.8)
1781	218	1	VirB8(168.8)
1782	218	2	VirB8(170.9)
1783	218	1	VirB8(167.3)
1784	218	1	VirB8(169.3)
1785	218	2	VirB8(171.5)
1786	218	1	VirB8(171.4)
1787	218	2	VirB8(170.7)
1788	218	1	VirB8(168.5)
1789	228	1	DDE_Tnp_IS240(130.4)
1790	131	1	
1791	119	1	
1792	64	1	
1793	64	3	
1794	64	2	
1795	170	1	
1796	125	1	
1797	127	1	
1798	127	2	
1799	127	2	
1800	126	2	
1801	125	1	
1802	216	1	
1803	69	2	
1804	190	1	
1805	190	1	
1806	192	1	
1807	396	1	TrbL(105.3)
1808	396	1	TrbL(111.1)
1809	112	1	
1810	123	1	
1811	70	1	DUF2749(67.7)
1812	165	15	
1813	70	5	DUF2749(62.8)
1814	391	1	TrbL(114.6)
1815	181	1	
1816	598	1	TraG_N(63.6)
1817	606	1	TraG_N(63.6)
1818	599	1	TraG_N(63.4)
1819	197	2	
1820	203	10	SLT(40.5)
1821	203	1	SLT(41.4)
1822	207	1	SLT(38.2)
1823	60	1	
1824	902	1	
1825	81	1	
1826	81	1	
1827	81	1	
1828	884	1	TraG_N(140.2)
1829	71	1	
1830	126	2	
1831	83	1	DUF2749(64.6)
1832	344	1	TrbL(47.6)
1833	477	1	TrbL(48.0)
1834	333	4	TrbL(112.9)
1835	395	1	TrbL(102.1)
1836	243	2	
1837	243	1	
1838	58	1	DUF2749(34.6)
1839	58	1	DUF2749(38.2)
1840	58	1	DUF2749(33.7)
1841	58	1	DUF2749(36.4)
1842	58	1	DUF2749(33.7)
1843	58	1	DUF2749(37.1)
1844	58	1	DUF2749(39.1)
1845	58	1	DUF2749(43.2)
1846	63	1	DUF2749(38.3)
1847	58	1	DUF2749(33.2)
1848	58	3	DUF2749(35.9)
1849	56	1	
1850	58	1	DUF2749(40.9)
1851	58	1	DUF2749(41.6)
1852	60	1	
1853	57	4	DUF2749(43.1)
1854	256	1	
1855	256	1	
1856	59	1	
1857	982	1	AAA_13(126.1)
1858	67	1	DUF2749(49.8)
1859	67	1	DUF2749(49.8)
1860	67	2	DUF2749(54.2)
1861	67	1	DUF2749(50.4)
1862	67	2	DUF2749(46.1)
1863	67	8	DUF2749(53.5)
1864	67	3	DUF2749(54.9)
1865	278	1	rve_3(61.4);rve(57.1);HTH_21(38.5);Tnp_IS2_N(33.6)
1866	256	1	
1867	395	2	TrbL(105.4)
1868	395	1	TrbL(105.4)
1869	395	2	TrbL(105.4)
1870	392	1	TrbL(105.4)
1871	395	1	TrbL(104.1)
1872	395	2	TrbL(105.4)
1873	78	1	
1874	75	2	
1875	77	1	
1876	77	17	
1877	192	1	
1878	192	1	
1879	396	1	TrbL(109.3)
1880	531	1	TrbL(129.9)
1881	393	1	TrbL(109.1)
1882	396	1	TrbL(117.7)
1883	396	1	TrbL(113.6)
1884	396	1	TrbL(116.1)
1885	401	1	TrbL(105.2)
1886	32	1	
1887	76	1	DUF2749(79.6)
1888	335	1	
1889	294	2	
1890	146	3	
1891	447	2	
1892	169	1	
1893	574	1	TraG_N(56.4)
1894	894	3	
1895	310	1	TrbL(165.4)
1896	317	1	
1897	249	1	
1898	76	3	
1899	311	1	TrbL(162.7)
1900	311	1	TrbL(162.6)
1901	311	1	TrbL(163.4)
1902	311	1	TrbL(163.7)
1903	104	1	TrbL(28.7)
1904	185	1	
1905	185	1	
1906	185	1	
1907	350	1	TrbL(60.9)
1908	151	2	
1909	203	1	
1910	936	1	
1911	113	1	
1912	120	1	
1913	97	1	DDE_Tnp_IS1(178.7)
1914	217	2	VirB8(159.4)
1915	217	1	VirB8(158.5)
1916	217	6	VirB8(161.3)
1917	217	2	VirB8(159.7)
1918	307	1	DDE_Tnp_1_5(132.0);DDE_Tnp_1(114.1)
1919	307	1	DDE_Tnp_1_5(137.2);DDE_Tnp_1(114.8)
1920	307	2	DDE_Tnp_1_5(137.5);DDE_Tnp_1(114.1)
1921	307	1	DDE_Tnp_1_5(137.6);DDE_Tnp_1(114.8)
1922	307	4	DDE_Tnp_1_5(137.6);DDE_Tnp_1(114.8)
1923	120	1	
1924	325	2	TrbL(118.7)
1925	82	1	
1926	82	1	
1927	217	3	VirB8(171.9)
1928	217	1	VirB8(170.2)
1929	217	1	VirB8(167.9)
1930	217	1	VirB8(173.6)
1931	217	1	VirB8(172.6)
1932	217	2	VirB8(167.4)
1933	217	1	VirB8(172.5)
1934	217	2	VirB8(169.2)
1935	217	1	VirB8(170.4)
1936	217	1	VirB8(171.7)
1937	217	1	VirB8(171.9)
1938	217	1	VirB8(170.3)
1939	217	1	VirB8(170.9)
1940	217	1	VirB8(172.4)
1941	217	1	VirB8(172.1)
1942	217	1	VirB8(172.4)
1943	217	1	VirB8(171.4)
1944	217	1	VirB8(169.0)
1945	217	1	VirB8(163.3)
1946	217	1	VirB8(168.5)
1947	217	2	VirB8(166.7)
1948	217	1	VirB8(161.7)
1949	217	1	VirB8(172.4)
1950	172	1	
1951	91	1	HTH_Tnp_IS1(106.6);Zn_ribbon_InsA(70.8)
1952	91	3	HTH_Tnp_IS1(104.8);Zn_ribbon_InsA(71.3)
1953	91	2	HTH_Tnp_IS1(106.6);Zn_ribbon_InsA(72.4)
1954	91	1	HTH_Tnp_IS1(106.9);Zn_ribbon_InsA(71.3)
1955	217	1	VirB8(170.4)
1956	75	1	
1957	217	12	VirB8(168.1)
1958	217	1	VirB8(171.5)
1959	217	1	VirB8(170.8)
1960	217	1	VirB8(171.5)
1961	217	1	VirB8(170.3)
1962	217	1	VirB8(170.9)
1963	217	2	VirB8(173.0)
1964	217	1	VirB8(166.7)
1965	217	1	VirB8(167.2)
1966	217	1	VirB8(169.3)
1967	217	1	VirB8(172.0)
1968	217	2	VirB8(168.8)
1969	74	1	
1970	168	1	
1971	336	1	TrbL(140.6)
1972	351	1	TrbL(129.4)
1973	182	1	
1974	189	1	
1975	195	7	
1976	195	3	
1977	172	5	SLT(26.8)
1978	71	1	SLT(25.4)
1979	172	168	SLT(26.8)
1980	177	1	SLT(26.7)
1981	144	1	SLT(27.2)
1982	172	40	SLT(27.6)
1983	94	1	
1984	301	2	Tnp_IS2_N(71.8);rve_3(67.4);rve(64.1);HTH_21(43.2)
1985	157	1	
1986	144	1	
1987	71	1	
1988	73	1	VirB8(61.9)
1989	331	2	TrbL(113.9)
1990	331	2	TrbL(113.9)
1991	339	1	TrbL(108.7)
1992	138	1	
1993	528	1	
1994	158	1	
1995	307	1	TrbL(135.6)
1996	310	1	
1997	334	1	TrbL(95.9)
1998	142	1	
1999	71	1	
2000	174	2	SLT(28.0)
2001	386	1	TrbL(64.8)
2002	91	1	
2003	241	1	
2004	75	1	
2005	75	2	
2006	75	1	
2007	64	1	
2008	107	3	
2009	182	4	SLT(41.3)
2010	67	1	DUF2749(28.5)
2011	75	1	
2012	413	1	TrbL(109.4)
2013	177	1	
2014	189	4	
2015	189	1	
2016	71	1	
2017	101	1	
2018	213	1	
2019	255	1	TraF(113.6)
2020	64	2	
2021	117	1	
2022	117	1	
2023	117	2	
2024	117	1	
2025	117	10	
2026	112	1	
2027	112	2	
2028	112	7	
2029	112	1	
2030	59	1	DUF2749(31.0)
2031	261	1	adh_short(107.9);adh_short_C2(67.5);KR(37.0)
2032	61	1	DUF2749(71.5)
2033	189	22	SLT(25.7)
2034	72	1	CcdA(94.9)
2035	167	2	
2036	57	1	DUF2749(34.8)
2037	57	1	DUF2749(37.9)
2038	57	1	DUF2749(38.3)
2039	57	2	DUF2749(37.0)
2040	57	1	DUF2749(36.9)
2041	220	1	
2042	62	1	
2043	380	1	
2044	347	1	
2045	666	1	TraG_N(101.2)
2046	120	1	
2047	996	1	TraG_N(49.0)
2048	168	1	
2049	117	1	
2050	152	1	
2051	151	1	
2052	288	1	
2053	1113	1	AAA_11(63.2);AAA_12(35.1);Viral_helicase1(33.3);AAA_30(30.9);AAA_19(25.6)
2054	1113	1	AAA_11(66.3);AAA_12(35.5);Viral_helicase1(35.2);AAA_30(30.4);AAA_19(26.4)
2055	1113	1	AAA_11(64.2);AAA_12(35.0);Viral_helicase1(34.5);AAA_30(33.0);AAA_19(27.1)
2056	109	1	
2057	117	7	
2058	117	7	
2059	117	6	
2060	229	1	
2061	74	2	DUF2749(89.7)
2062	120	1	
2063	66	2	DUF2749(30.4)
2064	66	1	
2065	66	2	DUF2749(52.0)
2066	65	1	DUF2749(36.9)
2067	66	1	DUF2749(31.3)
2068	66	1	DUF2749(49.4)
2069	66	1	DUF2749(52.9)
2070	67	2	DUF2749(54.3)
2071	66	1	DUF2749(42.3)
2072	68	1	DUF2749(46.5)
2073	68	4	DUF2749(45.1)
2074	66	1	DUF2749(45.7)
2075	608	1	AAA_12(40.4);AAA_11(35.0);Viral_helicase1(22.5)
2076	510	1	Y2_Tnp(119.4);Zn_Tnp_IS91(66.3)
2077	515	1	
2078	50	1	
2079	325	1	DDE_Tnp_1(129.2);DUF772(79.4)
2080	705	1	TraG_N(160.5)
2081	705	1	TraG_N(160.5)
2082	75	2	
2083	75	1	
2084	61	1	DUF2749(54.3)
2085	61	1	DUF2749(58.9)
2086	61	1	DUF2749(60.9)
2087	386	1	TrbL(106.0)
2088	385	1	TrbL(106.9)
2089	420	1	TrbL(106.5)
2090	385	5	TrbL(105.4)
2091	260	26	TrbM(116.8)
2092	261	1	TrbM(117.1)
2093	260	1	TrbM(117.2)
2094	62	4	DUF2749(62.8)
2095	399	1	TrbL(105.0)
2096	60	4	DUF2749(63.0)
2097	61	1	DUF2749(60.3)
2098	61	2	DUF2749(62.4)
2099	61	1	DUF2749(38.0)
2100	69	1	DUF2749(38.8)
2101	377	1	TrbL(145.3)
2102	148	1	
2103	238	1	
2104	129	1	
2105	57	1	DUF2749(40.9)
2106	57	1	DUF2749(40.2)
2107	56	1	DUF2749(32.6)
2108	57	1	DUF2749(40.9)
2109	57	1	DUF2749(39.9)
2110	57	1	DUF2749(36.2)
2111	57	1	DUF2749(43.2)
2112	57	2	DUF2749(31.8)
2113	276	1	
2114	169	9	
2115	169	17	
2116	169	24	
2117	169	2	
2118	169	3	
2119	73	1	DUF2749(89.8)
2120	73	1	DUF2749(87.5)
2121	75	1	
2122	163	1	TraG_N(101.9)
2123	124	1	TraG_N(95.6)
2124	221	2	VirB8(139.0)
2125	221	1	VirB8(144.9)
2126	353	1	
2127	221	1	VirB8(138.3)
2128	63	1	
2129	63	1	
2130	63	2	
2131	61	1	
2132	455	1	RVT_1(120.7);GIIM(68.0)
2133	65	1	DUF2749(29.2)
2134	49	1	
2135	65	1	DUF2749(37.0)
2136	72	2	DUF2749(115.7)
2137	72	2	DUF2749(109.9)
2138	72	1	DUF2749(110.3)
2139	72	1	DUF2749(106.4)
2140	73	1	DUF2749(104.4)
2141	72	1	DUF2749(104.1)
2142	72	1	DUF2749(107.6)
2143	72	1	DUF2749(111.6)
2144	72	1	DUF2749(108.5)
2145	72	4	DUF2749(113.6)
2146	72	4	DUF2749(108.9)
2147	76	1	DUF2749(113.3)
2148	77	2	DUF2749(92.7)
2149	78	1	DUF2749(90.2)
2150	75	1	DUF2749(97.5)
2151	75	1	DUF2749(97.3)
2152	75	1	DUF2749(96.8)
2153	77	1	DUF2749(94.6)
2154	75	1	DUF2749(89.1)
2155	75	1	DUF2749(82.0)
2156	75	2	DUF2749(89.6)
2157	75	3	DUF2749(92.9)
2158	77	3	DUF2749(99.9)
2159	75	1	DUF2749(86.8)
2160	75	1	DUF2749(81.1)
2161	76	1	DUF2749(114.0)
2162	77	1	DUF2749(103.0)
2163	76	1	DUF2749(116.1)
2164	70	1	DUF2749(102.2)
2165	70	3	DUF2749(90.4)
2166	76	1	DUF2749(109.9)
2167	76	1	DUF2749(114.6)
2168	75	1	DUF2749(100.9)
2169	75	1	DUF2749(85.1)
2170	75	1	DUF2749(97.3)
2171	75	1	DUF2749(97.6)
2172	75	1	DUF2749(95.6)
2173	75	3	DUF2749(93.8)
2174	75	1	DUF2749(99.8)
2175	75	1	DUF2749(94.0)
2176	75	1	DUF2749(98.2)
2177	75	1	DUF2749(95.7)
2178	75	1	DUF2749(89.7)
2179	75	1	DUF2749(97.0)
2180	75	2	DUF2749(99.3)
2181	75	1	DUF2749(102.5)
2182	77	1	DUF2749(95.3)
2183	76	1	DUF2749(109.8)
2184	71	1	DUF2749(81.6)
2185	75	1	DUF2749(94.9)
2186	73	1	DUF2749(78.8)
2187	75	1	DUF2749(92.5)
2188	67	1	DUF2749(49.5)
2189	65	2	DUF2749(42.1)
2190	72	1	DUF2749(85.7)
2191	65	1	DUF2749(42.7)
2192	65	4	DUF2749(39.9)
2193	66	1	DUF2749(50.5)
2194	66	1	DUF2749(41.7)
2195	64	3	DUF2749(35.1)
2196	66	1	DUF2749(45.4)
2197	60	1	DUF2749(28.3)
2198	66	1	DUF2749(52.6)
2199	66	1	DUF2749(49.9)
2200	69	1	DUF2749(73.8)
2201	60	1	DUF2749(59.1)
2202	69	1	
2203	69	1	DUF2749(83.3)
2204	66	1	DUF2749(88.2)
2205	66	1	DUF2749(50.1)
2206	66	1	DUF2749(49.6)
2207	66	1	DUF2749(50.6)
2208	66	1	DUF2749(50.8)
2209	66	1	DUF2749(41.1)
2210	67	1	DUF2749(54.3)
2211	67	1	DUF2749(47.3)
2212	67	1	DUF2749(56.3)
2213	67	1	DUF2749(49.8)
2214	66	1	DUF2749(46.4)
2215	66	1	DUF2749(87.8)
2216	66	1	DUF2749(85.9)
2217	69	1	DUF2749(84.4)
2218	62	1	
2219	67	5	DUF2749(51.8)
2220	72	1	DUF2749(89.0)
2221	65	3	DUF2749(45.5)
2222	66	1	DUF2749(54.6)
2223	66	1	DUF2749(52.3)
2224	65	1	
2225	69	1	DUF2749(88.6)
2226	66	1	DUF2749(38.9)
2227	66	1	DUF2749(49.5)
2228	66	1	DUF2749(48.5)
2229	65	1	DUF2749(35.0)
2230	75	2	DUF2749(104.8)
2231	75	5	DUF2749(105.0)
2232	75	1	DUF2749(95.2)
2233	108	2	
2234	101	1	
2235	249	1	TraG_N(160.1)
2236	249	1	TraG_N(158.6)
2237	117	1	
2238	366	1	TrbL(68.8)
2239	77	1	
2240	72	1	
2241	72	1	
2242	366	1	TrbL(66.7)
2243	247	1	
2244	60	2	DUF2749(56.0)
2245	217	1	VirB8(150.6)
2246	75	1	
2247	67	1	DUF2749(44.8)
2248	67	3	DUF2749(45.3)
2249	66	1	DUF2749(42.6)
2250	67	1	DUF2749(43.6)
2251	66	1	DUF2749(42.8)
2252	66	3	DUF2749(44.6)
2253	67	1	DUF2749(44.3)
2254	104	2	
2255	69	1	DUF2749(40.2)
2256	69	1	DUF2749(39.9)
2257	69	1	DUF2749(43.2)
2258	67	1	DUF2749(45.8)
2259	398	1	
2260	75	1	
2261	75	1	
2262	75	2	
2263	75	1	
2264	75	1	
2265	75	1	
2266	75	1	
2267	75	1	
2268	75	3	
2269	75	4	
2270	75	1	
2271	142	2	
2272	114	1	
2273	96	1	
2274	495	1	
2275	438	1	
2276	124	1	
2277	217	2	VirB8(160.9)
2278	396	1	TrbL(114.7)
2279	534	1	TrbL(119.3)
2280	534	8	TrbL(120.3)
2281	396	1	TrbL(117.0)
2282	140	1	SLT(72.7)
2283	217	1	VirB8(160.0)
2284	217	1	VirB8(160.0)
2285	217	2	VirB8(169.4)
2286	386	2	
2287	76	1	DUF2749(93.7)
2288	68	1	DUF2749(46.9)
2289	220	2	VirB8(168.7)
2290	311	1	TrbL(160.3)
2291	415	1	TrbL(159.1)
2292	143	1	
2293	132	1	
2294	143	1	
2295	421	1	
2296	143	1	
