dist_to_known	known_eex	len_cv	len_median	machine_contaminated	mean_pid	mpf_class	n_defined	n_known	n_occupants	occupancy_pct	pct_short100	rank	slot	subGA_machine_pct	z_len_cv	z_mean_pid	z_occupancy
0.725		0.746	115.0	0	16.8	MPF_T	179	0	118	31.3	31.4	1	T4SS_T_virB1|T4SS_T_virB10	0.0	0.04	-0.54	-0.37
0.734	Eex_IncN	0.765	59.0	0	17.7	MPF_T	6077	7	1980	30.3	86.3	2	T4SS_T_virB6|T4SS_T_virB8	0.0	0.09	-0.5	-0.4
0.849		0.605	128	0	32.2	MPF_T	178	0	131	39.3	6.1	3	T4SS_t4cp1|T4SS_t4cp2	0.0	-0.35	0.2	-0.15
0.878		0.655	293.0	0	16.2	MPF_T	163	0	242	85.3	31.4	4	T4SS_T_virB6|T4SS_t4cp1	0.0	-0.21	-0.57	1.08
0.962		0.577	130	0	26.2	MPF_T	52	0	89	84.6	1.1	5	T4SS_T_virB1|T4SS_virb4	0.0	-0.43	-0.09	1.06
0.988		0.565	105.0	0	18.4	MPF_T	139	0	138	85.6	25.4	6	T4SS_T_virB1|T4SS_T_virB3	0.0	-0.46	-0.46	1.09
1.047	Eex_IncN	0.546	117.0	0	14.6	MPF_T	725	34	794	84.8	35.5	7	T4SS_T_virB6|T4SS_virb4	0.3	-0.51	-0.65	1.07
1.074		0.651	74	0	16.4	MPF_T	1173	0	311	20.1	56.9	8	T4SS_T_virB5|T4SS_t4cp2	0.3	-0.22	-0.56	-0.67
1.103		0.693	130.0	0	14.7	MPF_T	178	0	54	18.5	40.7	9	T4SS_T_virB11|T4SS_T_virB9	0.0	-0.11	-0.64	-0.71
1.127	Eex_IncN	0.543	139	0	15.4	MPF_T	257	66	295	89.1	46.4	10	T4SS_T_virB6|T4SS_t4cp2	0.0	-0.52	-0.61	1.18
1.142		0.758	313	0	15.6	MPF_T	241	0	341	97.9	12.9	11	T4SS_T_virB1|T4SS_t4cp1	0.0	0.07	-0.6	1.42
1.166		0.904	208	0	23.2	MPF_T	106	0	275	98.1	2.9	12	T4SS_T_virB11|T4SS_t4cp2	0.0	0.48	-0.23	1.42
1.177		0.873	150	0	11.7	MPF_T	4053	0	1239	17.8	8.3	13	T4SS_T_virB11|T4SS_t4cp1	0.2	0.39	-0.79	-0.73
1.226		0.35	132.5	0	25.3	MPF_T	242	0	286	64.9	44.8	14	T4SS_T_virB11|T4SS_T_virB6	0.0	-1.06	-0.13	0.53
1.252		0.939	89.5	0	30.8	MPF_T	33	0	50	97.0	54.0	15	T4SS_T_virB1|T4SS_t4cp2	0.0	0.58	0.14	1.39
1.296		0.911	197.0	0	10.7	MPF_T	95	0	22	14.7	22.7	16	T4SS_t4cp2|T4SS_virb4	13.6	0.5	-0.84	-0.81
1.376		0.347	120.0	0	35.4	MPF_T	156	0	172	57.1	3.5	17	T4SS_T_virB2|T4SS_virb4	0.0	-1.07	0.36	0.32
1.443		0.701	61	0	14.7	MPF_T	180	0	13	5.0	69.2	18	T4SS_T_virB5|T4SS_T_virB8	0.0	-0.08	-0.64	-1.07
1.494	Eex_IncN	0.322	75	0	22.5	MPF_T	3177	1746	3003	86.0	83.2	19	T4SS_T_virB5|T4SS_T_virB6	0.0	-1.14	-0.26	1.1
1.551		0.932	61	0	19.9	MPF_T	417	0	7	1.2	57.1	20	T4SS_T_virB10|T4SS_T_virB5	0.0	0.56	-0.39	-1.18
1.587		0.691	79	0	12.5	MPF_T	7400	0	55	0.6	60.0	21	T4SS_T_virB8|T4SS_T_virB9	20.0	-0.11	-0.75	-1.19
1.609	Eex_IncN	1.276	61.0	0	32.0	MPF_T	63	14	58	81.0	79.3	22	T4SS_T_virB1|T4SS_T_virB6	0.0	1.51	0.19	0.97
1.612		0.676	257.0	0	12.1	MPF_T	6945	0	10	0.1	30.0	23	T4SS_T_virB2|T4SS_T_virB3	0.0	-0.15	-0.77	-1.21
1.75		0.474	259	0	13.1	MPF_T	1605	0	39	1.7	20.5	24	T4SS_T_virB3|T4SS_t4cp2	7.7	-0.71	-0.72	-1.16
1.751		1.042	110.5	0	10.6	MPF_T	3297	0	32	0.8	37.5	25	T4SS_T_virB3|T4SS_virb4	21.9	0.86	-0.84	-1.19
1.797		1.261	235	0	15.6	MPF_T	119	0	27	13.4	14.8	26	T4SS_T_virB2|T4SS_t4cp2	0.0	1.47	-0.6	-0.85
1.799		0.338	187.0	0	46.6	MPF_T	649	0	1002	75.8	0.3	27	T4SS_T_virB1|T4SS_T_virB11	0.0	-1.09	0.9	0.83
1.814		0.267	150	0	13.6	MPF_T	7190	0	1329	17.3	5.8	28	T4SS_T_virB10|T4SS_T_virB9	0.5	-1.29	-0.7	-0.74
1.839	Eex_IncN	0.252	85	0	41.2	MPF_T	2055	1599	1621	78.2	97.8	29	T4SS_T_virB3|T4SS_T_virB6	0.0	-1.33	0.64	0.89
1.855		1.209	93.0	0	43.4	MPF_T	4600	0	1018	21.6	83.1	30	T4SS_T_virB1|T4SS_T_virB2	0.0	1.33	0.75	-0.63
1.871	Eex_IncN	1.204	72.5	0	16.0	MPF_T	1774	2	74	3.6	71.6	31	T4SS_T_virB5|T4SS_virb4	29.7	1.31	-0.58	-1.11
2.172	Eex_IncN	1.323	67.0	0	12.6	MPF_T	1509	1	18	0.9	66.7	32	T4SS_T_virB11|T4SS_T_virB2	5.6	1.64	-0.74	-1.18
2.346		1.492	42	0	30.3	MPF_T	338	0	51	12.7	80.4	33	T4SS_T_virB8|T4SS_t4cp2	0.0	2.11	0.11	-0.87
2.384		1.058	65.0	0	63.2	MPF_T	5607	0	1116	19.2	91.8	34	T4SS_T_virB10|T4SS_T_virB11	0.4	0.91	1.7	-0.69
2.69		1.292	66	0	62.7	MPF_T	54	0	59	98.1	86.4	35	T4SS_T_virB2|T4SS_t4cp1	0.0	1.56	1.68	1.42
2.702		0.129	84.0	0	55.4	MPF_T	92	0	184	100.0	52.7	36	T4SS_T_virB10|T4SS_T_virB3	0.0	-1.67	1.33	1.47
3.194		0.421	44.0	0	83.7	MPF_T	728	0	534	71.7	99.4	37	T4SS_T_virB8|T4SS_virb4	0.6	-0.86	2.7	0.72
4.581		0.0	66	0	100.0	MPF_T	88	0	5	5.7	100.0	38	T4SS_T_virB3|T4SS_T_virB5	0.0	-2.03	3.48	-1.06
0.316		0.342	154.0	0	16.9	MPF_F	75	0	92	94.7	8.7	1	T4SS_F_traF|T4SS_F_trbC	13.0	-0.64	-0.59	0.84
0.508		0.501	133	0	20.9	MPF_F	271	0	481	95.6	40.5	2	T4SS_F_traL|T4SS_G_tfc7	0.0	-0.21	-0.19	0.86
0.524		0.416	173	0	15.7	MPF_F	32	0	29	75.0	10.3	3	T4SS_F_traB|T4SS_F_traE	20.7	-0.44	-0.71	0.3
0.553		0.451	160	0	16.3	MPF_F	10511	0	16329	73.6	26.9	4	T4SS_F_traB|T4SS_F_traV	2.6	-0.34	-0.65	0.26
0.62	TraS_R100	0.262	229	0	19.1	MPF_F	6236	2489	15763	99.0	4.7	5	T4SS_F_traG|T4SS_t4cp1	0.1	-0.85	-0.37	0.95
0.62	EexR/S	0.644	117.0	0	12.8	MPF_F	44	4	82	88.6	45.1	6	T4SS_F_traG|T4SS_T_virB1	0.0	0.18	-0.99	0.67
0.785		0.712	211.0	0	12.8	MPF_F	63	0	140	100.0	0.0	7	T4SS_F_traL|T4SS_t4cp1	0.0	0.36	-0.99	0.98
0.821		0.473	122	1	16.6	MPF_F	61	0	91	63.9	20.9	8	T4SS_F_traW|T4SS_F_trbC	74.7	-0.28	-0.62	-0.01
0.9		0.212	176.0	0	22.0	MPF_F	144	0	422	100.0	0.5	9	T4SS_F_traN|T4SS_T_virB1	0.0	-0.99	-0.08	0.98
0.904		0.384	127	0	24.8	MPF_F	2683	0	7313	98.9	4.1	10	T4SS_F_traL|T4SS_T_virB1	0.0	-0.52	0.19	0.95
1.04		0.514	82.0	0	26.3	MPF_F	30	0	62	90.0	53.2	11	T4SS_F_traV|T4SS_t4cp1	29.0	-0.17	0.34	0.71
1.324		0.131	672	0	25.9	MPF_F	46	0	47	100.0	0.0	12	T4SS_F_traN|T4SS_virb4	0.0	-1.21	0.3	0.98
1.329		0.169	181.0	0	26.9	MPF_F	1268	0	1174	90.8	1.6	13	T4SS_G_tfc7|T4SS_t4cp1	0.0	-1.11	0.4	0.73
1.463		0.352	147	1	22.9	MPF_F	7143	0	8907	47.6	33.6	14	T4SS_F_traF|T4SS_F_traH	32.9	-0.61	0.0	-0.45
1.543		0.42	101.0	0	18.7	MPF_F	7522	0	3910	38.3	16.9	15	T4SS_F_traU|T4SS_F_trbC	0.7	-0.43	-0.41	-0.71
1.588		0.469	198	0	32.0	MPF_F	42	0	43	90.5	37.2	16	T4SS_F_traB|T4SS_t4cp2	11.6	-0.29	0.9	0.72
1.657		0.281	85.0	0	31.8	MPF_F	7340	0	10784	83.4	75.6	17	T4SS_F_traF|T4SS_F_traN	0.1	-0.8	0.88	0.53
1.765		0.167	129.0	0	32.0	MPF_F	3715	0	4378	96.4	7.4	18	T4SS_F_traW|T4SS_virb4	0.7	-1.11	0.9	0.88
1.804		0.466	168	0	9.7	MPF_F	44	0	23	31.8	30.4	19	T4SS_F_traB|T4SS_virb4	0.0	-0.3	-1.3	-0.88
2.015		0.698	244	0	14.4	MPF_F	119	0	61	24.4	18.0	20	T4SS_t4cp1|T4SS_t4cp2	0.0	0.33	-0.83	-1.09
2.095		0.602	129	0	30.1	MPF_F	10594	0	4305	38.6	37.6	21	T4SS_F_traU|T4SS_F_traW	1.0	0.07	0.72	-0.7
2.095		0.43	65.0	0	37.1	MPF_F	182	0	182	99.5	98.9	22	T4SS_F_traG|T4SS_F_traN	0.0	-0.4	1.41	0.97
2.251		0.699	93.0	0	37.7	MPF_F	57	0	64	89.5	65.6	23	T4SS_T_virB1|T4SS_virb4	0.0	0.33	1.47	0.69
2.264		0.682	173	0	12.5	MPF_F	185	0	61	15.1	11.5	24	T4SS_t4cp2|T4SS_virb4	14.8	0.28	-1.02	-1.34
2.396		0.553	139	0	26.9	MPF_F	7490	0	1903	16.2	8.7	25	T4SS_F_traN|T4SS_F_trbC	4.9	-0.07	0.4	-1.31
2.602		0.666	251	1	12.5	MPF_F	2885	0	89	1.8	19.1	26	T4SS_F_traN|T4SS_F_traU	34.8	0.24	-1.02	-1.7
2.604		1.001	129.0	0	11.4	MPF_F	3594	0	892	17.2	38.7	27	T4SS_F_traV|T4SS_virb4	5.7	1.15	-1.13	-1.28
2.677		0.761	73	1	14.8	MPF_F	7726	0	73	0.8	65.8	28	T4SS_F_traG|T4SS_F_traH	68.5	0.5	-0.8	-1.73
2.697		1.094	120.0	1	36.8	MPF_F	793	0	2364	99.9	33.0	29	T4SS_F_traH|T4SS_T_virB1	33.5	1.4	1.38	0.98
2.713		1.44	170	0	11.1	MPF_F	141	0	253	92.2	15.4	30	T4SS_T_virB1|T4SS_t4cp1	0.0	2.33	-1.16	0.77
2.816		0.207	153	0	34.4	MPF_F	10973	0	2163	19.1	3.0	31	T4SS_F_traB|T4SS_F_traK	1.5	-1.0	1.14	-1.23
2.846		0.908	91.0	0	19.1	MPF_F	10430	0	84	0.6	60.7	32	T4SS_F_traE|T4SS_F_traL	19.0	0.89	-0.37	-1.74
2.908		0.938	73	0	11.5	MPF_F	11011	0	35	0.2	68.6	33	T4SS_F_traE|T4SS_F_traK	25.7	0.97	-1.12	-1.75
3.991		0.233	128.0	0	55.9	MPF_F	5033	0	6166	98.0	1.8	34	T4SS_F_traW|T4SS_t4cp2	0.0	-0.93	3.26	0.93
4.285		1.941	78.0	0	29.7	MPF_F	3726	0	5386	73.3	50.6	35	T4SS_F_traV|T4SS_t4cp2	0.7	3.69	0.68	0.25
0.0	ExcA	0.392	207	0	26.3	MPF_I	533	445	647	99.4	14.4	1	T4SS_I_traY|T4SS_I_trbA	0.0	-0.47	-0.06	1.0
0.352		0.468	194.0	0	25.6	MPF_I	1716	0	4854	99.5	3.3	2	T4SS_I_traE|T4SS_I_traI	0.0	-0.12	-0.09	1.0
0.359		0.372	144	0	19.1	MPF_I	35	0	45	100.0	2.2	3	T4SS_I_traK|T4SS_I_trbA	0.0	-0.56	-0.4	1.01
0.609		0.521	217.0	0	29.1	MPF_I	140	0	410	99.3	32.0	4	T4SS_I_traY|T4SS_t4cp1	0.0	0.13	0.08	1.0
0.637		0.372	234.0	0	13.7	MPF_I	104	0	112	91.3	11.6	5	T4SS_I_trbA|T4SS_t4cp1	15.2	-0.56	-0.66	0.83
0.68		0.334	152	0	13.3	MPF_I	50	0	101	100.0	35.6	6	T4SS_I_traI|T4SS_I_traU	1.0	-0.73	-0.68	1.01
0.683		0.362	201	1	12.4	MPF_I	489	0	677	99.0	5.9	7	T4SS_I_traR|T4SS_I_traU	52.7	-0.6	-0.72	0.99
0.805		0.563	1144	0	22.9	MPF_I	3119	0	4615	99.6	1.9	8	T4SS_I_traK|T4SS_I_traL	0.0	0.32	-0.22	1.0
0.822		0.214	194	0	25.1	MPF_I	3423	0	3537	98.9	1.8	9	T4SS_I_traW|T4SS_I_traY	0.7	-1.29	-0.11	0.99
1.075		0.228	164.0	0	42.2	MPF_I	1162	0	1234	99.9	4.8	10	T4SS_I_traQ|T4SS_I_traU	17.1	-1.22	0.71	1.01
1.16		0.241	284	0	45.6	MPF_I	50	0	101	100.0	0.0	11	T4SS_I_traN|T4SS_I_traR	0.0	-1.16	0.87	1.01
1.335		0.678	148.0	0	21.9	MPF_I	71	0	198	100.0	27.3	12	T4SS_I_traI|T4SS_I_traM	0.0	0.85	-0.27	1.01
1.627		0.171	300.5	0	52.6	MPF_I	40	0	76	95.0	0.0	13	T4SS_I_traI|T4SS_I_trbA	0.0	-1.48	1.21	0.91
1.898		0.462	126.0	0	21.1	MPF_I	1713	0	494	12.8	8.7	14	T4SS_I_traT|T4SS_I_traU	13.8	-0.14	-0.31	-0.85
2.06		0.247	62	0	66.8	MPF_I	1659	0	1657	99.2	99.5	15	T4SS_I_traQ|T4SS_I_traT	0.0	-1.13	1.89	1.0
2.077		0.364	136	0	55.7	MPF_I	3281	0	1877	28.6	49.9	16	T4SS_I_traL|T4SS_I_traM	0.0	-0.59	1.36	-0.52
2.136		0.448	376.0	0	16.2	MPF_I	3313	0	126	3.0	7.1	17	T4SS_I_trbB|T4SS_t4cp1	0.8	-0.21	-0.54	-1.06
2.197		0.614	155.5	0	10.2	MPF_I	93	0	22	16.1	31.8	18	T4SS_t4cp1|T4SS_t4cp2	9.1	0.56	-0.83	-0.78
2.236		0.579	129	0	19.1	MPF_I	1559	0	115	4.4	42.6	19	T4SS_I_traU|T4SS_I_traW	10.4	0.4	-0.4	-1.03
2.279		0.537	123	0	14.4	MPF_I	3380	0	53	1.2	28.3	20	T4SS_I_traI|T4SS_I_traK	5.7	0.2	-0.63	-1.1
2.329		0.494	83	0	73.7	MPF_I	109	0	109	99.1	99.1	21	T4SS_I_traR|T4SS_I_traT	0.0	0.0	2.23	0.99
2.42		0.651	115	0	28.5	MPF_I	3313	0	69	1.2	44.9	22	T4SS_I_trbA|T4SS_I_trbB	20.3	0.73	0.05	-1.1
2.538		0.655	141	1	11.5	MPF_I	1841	0	19	0.7	10.5	23	T4SS_I_traU|T4SS_I_traV	57.9	0.75	-0.77	-1.11
2.636		0.088	215.0	0	9.2	MPF_I	83	0	2	2.4	0.0	24	T4SS_I_traU|T4SS_t4cp1	0.0	-1.87	-0.88	-1.08
2.658		0.741	115.0	0	21.2	MPF_I	3391	0	44	1.2	38.6	25	T4SS_I_traO|T4SS_I_traP	2.3	1.14	-0.3	-1.1
2.766		0.734	128.5	0	9.4	MPF_I	1838	0	6	0.2	16.7	26	T4SS_I_traV|T4SS_I_traW	16.7	1.11	-0.87	-1.12
2.895		0.802	96	0	13.6	MPF_I	3645	0	49	1.0	55.1	27	T4SS_I_traM|T4SS_I_traN	8.2	1.42	-0.67	-1.11
2.973		0.811	165.0	0	9.9	MPF_I	571	0	4	0.4	25.0	28	T4SS_I_traQ|T4SS_I_traR	0.0	1.47	-0.85	-1.12
3.061		0.859	92	1	16.1	MPF_I	3446	0	13	0.3	61.5	29	T4SS_I_traN|T4SS_I_traO	30.8	1.69	-0.55	-1.12
3.302		0.316	136.0	0	93.9	MPF_I	61	0	48	78.7	0.0	30	T4SS_I_traU|T4SS_t4cp2	0.0	-0.82	3.2	0.56
3.465		0.964	80	0	11.0	MPF_I	3411	0	5	0.1	60.0	31	T4SS_I_traP|T4SS_I_traQ	0.0	2.17	-0.79	-1.13
0.43		0.508	160.0	0	28.8	MPF_FA	58	0	106	81.0	16.0	1	FA_orf17b|T4SS_virb4	0.0	0.46	-0.44	0.65
0.732		0.501	277.0	0	16.2	MPF_FA	83	0	146	95.2	32.9	2	FA_orf13|T4SS_t4cp2	0.0	0.43	-0.86	1.01
0.973	DUF4467	0.626	160	0	17.3	MPF_FA	335	6	217	53.7	4.6	3	FA_orf15|T4SS_virb4	7.4	0.89	-0.82	-0.05
0.973	DUF4467	0.191	171	0	34.2	MPF_FA	38	1	37	92.1	5.4	4	FA_orf15|T4SS_tcpA	0.0	-0.7	-0.27	0.93
1.076		0.702	115.0	0	24.3	MPF_FA	104	0	202	69.2	23.3	5	FA_orf17a|T4SS_tcpA	0.0	1.17	-0.59	0.35
1.364		0.082	83	0	34.2	MPF_FA	88	0	91	96.6	94.5	6	FA_orf13|FA_orf17a	0.0	-1.1	-0.27	1.05
1.382		0.093	91.0	0	35.7	MPF_FA	64	0	66	100.0	93.9	7	FA_orf13|FA_orf17b	0.0	-1.06	-0.22	1.13
1.74		0.401	148	0	20.3	MPF_FA	143	0	9	4.9	22.2	8	FA_orf23|T4SS_tcpA	0.0	0.07	-0.73	-1.29
1.92		0.661	254.0	0	24.9	MPF_FA	224	0	18	6.7	16.7	9	FA_orf14|FA_orf15	0.0	1.02	-0.57	-1.24
2.124		0.656	109	0	8.6	MPF_FA	143	0	3	0.7	33.3	10	FA_orf13|FA_orf14	0.0	1.0	-1.11	-1.39
2.285		0.781	55	0	59.5	MPF_FA	375	0	63	15.5	79.4	11	FA_orf17a|T4SS_virb4	0.0	1.45	0.57	-1.02
2.57		0.118	401.0	0	93.7	MPF_FA	133	0	136	99.2	1.5	12	FA_orf19|T4SS_tcpA	0.0	-0.97	1.7	1.11
2.658		0.034	165.0	0	93.9	MPF_FA	223	0	134	58.7	0.0	13	FA_orf17a|FA_orf19	0.0	-1.27	1.71	0.08
3.373		0.0	102	0	100.0	MPF_FA	31	0	1	3.2	0.0	14	FA_orf15|T4SS_t4cp2	0.0	-1.4	1.91	-1.33
